{"timestamp":"2026-07-31T13:43:10+05:00","method":"GET","uri":"/lab360/","status":302,"ip":"::1","user_id":null,"duration_ms":16.76}
{"timestamp":"2026-07-31T13:43:10+05:00","method":"GET","uri":"/lab360/login","status":200,"ip":"::1","user_id":null,"duration_ms":10.66}
{"timestamp":"2026-07-31T13:43:14+05:00","method":"POST","uri":"/lab360/login","status":500,"ip":"::1","user_id":null,"duration_ms":47.71}
{"timestamp":"2026-07-31T13:43:17+05:00","method":"GET","uri":"/lab360/login","status":200,"ip":"::1","user_id":null,"duration_ms":16.64}
{"timestamp":"2026-07-31T13:45:10+05:00","method":"GET","uri":"/lab360/login","status":200,"ip":"::1","user_id":null,"duration_ms":14.05}
{"timestamp":"2026-07-31T13:45:14+05:00","method":"POST","uri":"/lab360/login","status":500,"ip":"::1","user_id":null,"duration_ms":28.05}
{"timestamp":"2026-07-31T13:45:15+05:00","method":"GET","uri":"/lab360/login","status":200,"ip":"::1","user_id":null,"duration_ms":12.23}
{"timestamp":"2026-07-31T13:45:16+05:00","method":"GET","uri":"/lab360/login","status":200,"ip":"::1","user_id":null,"duration_ms":12.32}
{"timestamp":"2026-07-31T13:45:17+05:00","method":"GET","uri":"/lab360/login","status":200,"ip":"::1","user_id":null,"duration_ms":23.9}
{"timestamp":"2026-07-31T13:45:20+05:00","method":"POST","uri":"/lab360/login","status":500,"ip":"::1","user_id":null,"duration_ms":19.12}
{"timestamp":"2026-07-31T13:45:21+05:00","method":"GET","uri":"/lab360/login","status":200,"ip":"::1","user_id":null,"duration_ms":14.73}
{"timestamp":"2026-07-31T13:45:22+05:00","method":"GET","uri":"/lab360/login","status":200,"ip":"::1","user_id":null,"duration_ms":18.29}
{"timestamp":"2026-07-31T13:45:28+05:00","method":"GET","uri":"/lab360/login","status":200,"ip":"::1","user_id":null,"duration_ms":23.38}
{"timestamp":"2026-07-31T13:45:31+05:00","method":"POST","uri":"/lab360/login","status":302,"ip":"::1","user_id":2,"duration_ms":50.08}
{"timestamp":"2026-07-31T13:45:31+05:00","method":"GET","uri":"/lab360/dashboard","status":200,"ip":"::1","user_id":2,"duration_ms":26.78}
{"timestamp":"2026-07-31T13:45:36+05:00","method":"GET","uri":"/lab360/users","status":200,"ip":"::1","user_id":2,"duration_ms":53.9}
{"timestamp":"2026-07-31T13:45:40+05:00","method":"GET","uri":"/lab360/users?search=James&per_page=5","status":500,"ip":"::1","user_id":2,"duration_ms":30.92}
{"timestamp":"2026-07-31T13:49:40+05:00","method":"GET","uri":"/lab360/users","status":200,"ip":"::1","user_id":2,"duration_ms":68.56}
{"timestamp":"2026-07-31T13:49:41+05:00","method":"GET","uri":"/lab360/users","status":200,"ip":"::1","user_id":2,"duration_ms":48.21}
{"timestamp":"2026-07-31T13:49:45+05:00","method":"GET","uri":"/lab360/users?search=James&per_page=5","status":200,"ip":"::1","user_id":2,"duration_ms":44.82}
{"timestamp":"2026-07-31T13:51:46+05:00","method":"GET","uri":"/lab360/users?search=James&per_page=5","status":500,"ip":"::1","user_id":2,"duration_ms":21.99}
{"timestamp":"2026-07-31T14:19:11+05:00","method":"GET","uri":"/lab360/users?search=James&per_page=5","status":500,"ip":"::1","user_id":2,"duration_ms":39.88}
{"timestamp":"2026-07-31T14:19:53+05:00","method":"GET","uri":"/lab360/users?search=James&per_page=5","status":200,"ip":"::1","user_id":2,"duration_ms":34.38}
{"timestamp":"2026-07-31T14:19:59+05:00","method":"GET","uri":"/lab360/users?search=James&per_page=5","status":500,"ip":"::1","user_id":2,"duration_ms":34.43}
{"timestamp":"2026-07-31T14:20:02+05:00","method":"GET","uri":"/lab360/dashboard","status":200,"ip":"::1","user_id":2,"duration_ms":44.08}
{"timestamp":"2026-07-31T14:20:06+05:00","method":"GET","uri":"/lab360/dashboard","status":200,"ip":"::1","user_id":2,"duration_ms":36.88}
{"timestamp":"2026-07-31T14:20:06+05:00","method":"GET","uri":"/lab360/roles","status":200,"ip":"::1","user_id":2,"duration_ms":39.65}
{"timestamp":"2026-07-31T14:20:09+05:00","method":"GET","uri":"/lab360/roles?search=Admin&per_page=5","status":200,"ip":"::1","user_id":2,"duration_ms":41.53}
{"timestamp":"2026-07-31T14:20:12+05:00","method":"GET","uri":"/lab360/roles?search=&per_page=5","status":200,"ip":"::1","user_id":2,"duration_ms":47.78}
{"timestamp":"2026-07-31T14:20:17+05:00","method":"GET","uri":"/lab360/roles?search=Admin&per_page=5","status":200,"ip":"::1","user_id":2,"duration_ms":44.38}
{"timestamp":"2026-07-31T14:20:51+05:00","method":"GET","uri":"/lab360/roles?search=Admin&per_page=10","status":200,"ip":"::1","user_id":2,"duration_ms":44.81}
{"timestamp":"2026-07-31T14:20:53+05:00","method":"GET","uri":"/lab360/dashboard","status":200,"ip":"::1","user_id":2,"duration_ms":31.99}
{"timestamp":"2026-07-31T14:20:55+05:00","method":"GET","uri":"/lab360/users","status":200,"ip":"::1","user_id":2,"duration_ms":63.32}
{"timestamp":"2026-07-31T14:21:48+05:00","method":"GET","uri":"/lab360/users","status":500,"ip":"::1","user_id":2,"duration_ms":17.27}
{"timestamp":"2026-07-31T14:22:31+05:00","method":"GET","uri":"/lab360/dashboard","status":200,"ip":"::1","user_id":2,"duration_ms":25.4}
{"timestamp":"2026-07-31T14:22:32+05:00","method":"GET","uri":"/lab360/users","status":200,"ip":"::1","user_id":2,"duration_ms":65.72}
{"timestamp":"2026-07-31T14:22:49+05:00","method":"GET","uri":"/lab360/activity-logs","status":200,"ip":"::1","user_id":2,"duration_ms":33.1}
{"timestamp":"2026-07-31T14:22:52+05:00","method":"GET","uri":"/lab360/activity-logs","status":200,"ip":"::1","user_id":2,"duration_ms":50.18}
{"timestamp":"2026-07-31T14:22:55+05:00","method":"GET","uri":"/lab360/logs","status":200,"ip":"::1","user_id":2,"duration_ms":40.11}
{"timestamp":"2026-07-31T14:23:03+05:00","method":"GET","uri":"/lab360/logs?date=2026-07-31&per_page=10","status":200,"ip":"::1","user_id":2,"duration_ms":30.98}
{"timestamp":"2026-07-31T14:23:05+05:00","method":"GET","uri":"/lab360/logs?date=2026-07-31&per_page=10&page=2","status":200,"ip":"::1","user_id":2,"duration_ms":31.78}
{"timestamp":"2026-07-31T14:23:06+05:00","method":"GET","uri":"/lab360/logs?date=2026-07-31&per_page=10&page=3","status":200,"ip":"::1","user_id":2,"duration_ms":33.68}
{"timestamp":"2026-07-31T14:23:08+05:00","method":"GET","uri":"/lab360/dashboard","status":200,"ip":"::1","user_id":2,"duration_ms":42.03}
{"timestamp":"2026-07-31T14:23:11+05:00","method":"GET","uri":"/lab360/roles","status":200,"ip":"::1","user_id":2,"duration_ms":66.65}
{"timestamp":"2026-07-31T14:23:14+05:00","method":"GET","uri":"/lab360/dashboard","status":200,"ip":"::1","user_id":2,"duration_ms":28.48}
{"timestamp":"2026-07-31T14:23:20+05:00","method":"GET","uri":"/lab360/users","status":200,"ip":"::1","user_id":2,"duration_ms":68.85}
{"timestamp":"2026-07-31T14:23:22+05:00","method":"GET","uri":"/lab360/users?search=asdasddas&per_page=5","status":200,"ip":"::1","user_id":2,"duration_ms":49.85}
{"timestamp":"2026-07-31T14:23:25+05:00","method":"GET","uri":"/lab360/users?search=&per_page=5","status":200,"ip":"::1","user_id":2,"duration_ms":36.59}
{"timestamp":"2026-07-31T14:23:28+05:00","method":"GET","uri":"/lab360/users?search=Akbar&per_page=5","status":200,"ip":"::1","user_id":2,"duration_ms":52.49}
{"timestamp":"2026-07-31T14:23:29+05:00","method":"GET","uri":"/lab360/users?per_page=5","status":200,"ip":"::1","user_id":2,"duration_ms":81.87}
{"timestamp":"2026-07-31T14:23:31+05:00","method":"GET","uri":"/lab360/users?search=Akbar&per_page=5","status":200,"ip":"::1","user_id":2,"duration_ms":51.56}
{"timestamp":"2026-07-31T14:23:38+05:00","method":"GET","uri":"/lab360/users?search=&per_page=5","status":200,"ip":"::1","user_id":2,"duration_ms":45.15}
{"timestamp":"2026-07-31T14:23:40+05:00","method":"GET","uri":"/lab360/users?search=Akbar&per_page=5","status":200,"ip":"::1","user_id":2,"duration_ms":46.33}
{"timestamp":"2026-07-31T14:23:40+05:00","method":"GET","uri":"/lab360/users?per_page=5","status":200,"ip":"::1","user_id":2,"duration_ms":44.68}
{"timestamp":"2026-07-31T14:30:41+05:00","method":"GET","uri":"/lab360/dashboard","status":200,"ip":"::1","user_id":2,"duration_ms":34.32}
{"timestamp":"2026-07-31T14:30:43+05:00","method":"POST","uri":"/lab360/logout","status":302,"ip":"::1","user_id":null,"duration_ms":31.45}
{"timestamp":"2026-07-31T14:30:43+05:00","method":"GET","uri":"/lab360/login","status":200,"ip":"::1","user_id":null,"duration_ms":21}
{"timestamp":"2026-07-31T14:30:50+05:00","method":"POST","uri":"/lab360/login","status":302,"ip":"::1","user_id":2,"duration_ms":51.65}
{"timestamp":"2026-07-31T14:30:50+05:00","method":"GET","uri":"/lab360/dashboard","status":200,"ip":"::1","user_id":2,"duration_ms":16.41}
{"timestamp":"2026-07-31T14:30:57+05:00","method":"GET","uri":"/lab360/users","status":200,"ip":"::1","user_id":2,"duration_ms":47.53}
{"timestamp":"2026-07-31T14:31:01+05:00","method":"GET","uri":"/lab360/users?search=James&per_page=5","status":200,"ip":"::1","user_id":2,"duration_ms":55.21}
{"timestamp":"2026-07-31T14:31:27+05:00","method":"GET","uri":"/lab360/users?per_page=5","status":200,"ip":"::1","user_id":2,"duration_ms":37.57}
{"timestamp":"2026-07-31T14:31:30+05:00","method":"GET","uri":"/lab360/users/create","status":200,"ip":"::1","user_id":2,"duration_ms":51.91}
{"timestamp":"2026-07-31T14:31:42+05:00","method":"POST","uri":"/lab360/users/store","status":302,"ip":"::1","user_id":2,"duration_ms":53.58}
{"timestamp":"2026-07-31T14:31:42+05:00","method":"GET","uri":"/lab360/users","status":200,"ip":"::1","user_id":2,"duration_ms":23.28}
{"timestamp":"2026-07-31T14:32:27+05:00","method":"GET","uri":"/lab360/profile/password","status":200,"ip":"::1","user_id":2,"duration_ms":43.12}
{"timestamp":"2026-07-31T14:32:39+05:00","method":"POST","uri":"/lab360/profile/password","status":302,"ip":"::1","user_id":2,"duration_ms":89.45}
{"timestamp":"2026-07-31T14:32:39+05:00","method":"GET","uri":"/lab360/profile","status":200,"ip":"::1","user_id":2,"duration_ms":22.86}
{"timestamp":"2026-07-31T14:32:41+05:00","method":"POST","uri":"/lab360/logout","status":302,"ip":"::1","user_id":null,"duration_ms":27.01}
{"timestamp":"2026-07-31T14:32:41+05:00","method":"GET","uri":"/lab360/login","status":200,"ip":"::1","user_id":null,"duration_ms":15.05}
{"timestamp":"2026-07-31T14:32:45+05:00","method":"POST","uri":"/lab360/login","status":302,"ip":"::1","user_id":null,"duration_ms":39.12}
{"timestamp":"2026-07-31T14:32:45+05:00","method":"GET","uri":"/lab360/login","status":200,"ip":"::1","user_id":null,"duration_ms":7.16}
{"timestamp":"2026-07-31T14:32:50+05:00","method":"POST","uri":"/lab360/login","status":302,"ip":"::1","user_id":2,"duration_ms":43.89}
{"timestamp":"2026-07-31T14:32:50+05:00","method":"GET","uri":"/lab360/dashboard","status":200,"ip":"::1","user_id":2,"duration_ms":19.61}
{"timestamp":"2026-07-31T14:32:52+05:00","method":"GET","uri":"/lab360/users","status":200,"ip":"::1","user_id":2,"duration_ms":47.49}
{"timestamp":"2026-07-31T14:32:55+05:00","method":"GET","uri":"/lab360/profile","status":200,"ip":"::1","user_id":2,"duration_ms":26.29}
{"timestamp":"2026-07-31T14:33:11+05:00","method":"GET","uri":"/lab360/dashboard","status":200,"ip":"::1","user_id":2,"duration_ms":25.72}
{"timestamp":"2026-07-31T14:33:12+05:00","method":"GET","uri":"/lab360/users","status":200,"ip":"::1","user_id":2,"duration_ms":47.9}
{"timestamp":"2026-07-31T14:33:14+05:00","method":"GET","uri":"/lab360/users","status":200,"ip":"::1","user_id":2,"duration_ms":51.38}
{"timestamp":"2026-07-31T14:33:16+05:00","method":"GET","uri":"/lab360/dashboard","status":200,"ip":"::1","user_id":2,"duration_ms":21.93}
{"timestamp":"2026-07-31T14:33:19+05:00","method":"GET","uri":"/lab360/users","status":200,"ip":"::1","user_id":2,"duration_ms":27.53}
{"timestamp":"2026-07-31T14:33:26+05:00","method":"GET","uri":"/lab360/dashboard","status":200,"ip":"::1","user_id":2,"duration_ms":21.58}
{"timestamp":"2026-07-31T14:33:29+05:00","method":"GET","uri":"/lab360/dashboard","status":200,"ip":"::1","user_id":2,"duration_ms":43.28}
{"timestamp":"2026-07-31T14:33:30+05:00","method":"GET","uri":"/lab360/dashboard","status":200,"ip":"::1","user_id":2,"duration_ms":48.57}
{"timestamp":"2026-07-31T14:33:44+05:00","method":"GET","uri":"/lab360/dashboard","status":302,"ip":"127.0.0.1","user_id":null,"duration_ms":13.96}
{"timestamp":"2026-07-31T14:33:44+05:00","method":"GET","uri":"/lab360/login","status":200,"ip":"127.0.0.1","user_id":null,"duration_ms":30.6}
{"timestamp":"2026-07-31T14:33:49+05:00","method":"POST","uri":"/lab360/login","status":302,"ip":"127.0.0.1","user_id":2,"duration_ms":49.46}
{"timestamp":"2026-07-31T14:33:49+05:00","method":"GET","uri":"/lab360/dashboard","status":200,"ip":"127.0.0.1","user_id":2,"duration_ms":15.55}
{"timestamp":"2026-07-31T14:33:57+05:00","method":"GET","uri":"/lab360/users","status":200,"ip":"127.0.0.1","user_id":2,"duration_ms":54.74}
{"timestamp":"2026-07-31T14:33:59+05:00","method":"GET","uri":"/lab360/users?search=asdasd&per_page=5","status":200,"ip":"127.0.0.1","user_id":2,"duration_ms":44.95}
{"timestamp":"2026-07-31T14:34:00+05:00","method":"GET","uri":"/lab360/users?per_page=5","status":200,"ip":"127.0.0.1","user_id":2,"duration_ms":39.9}
{"timestamp":"2026-07-31T14:34:02+05:00","method":"GET","uri":"/lab360/users/create","status":200,"ip":"127.0.0.1","user_id":2,"duration_ms":38.55}
{"timestamp":"2026-07-31T14:34:15+05:00","method":"POST","uri":"/lab360/users/store","status":302,"ip":"127.0.0.1","user_id":2,"duration_ms":43.57}
{"timestamp":"2026-07-31T14:34:15+05:00","method":"GET","uri":"/lab360/users","status":200,"ip":"127.0.0.1","user_id":2,"duration_ms":26.89}
{"timestamp":"2026-07-31T14:34:20+05:00","method":"GET","uri":"/lab360/roles","status":200,"ip":"127.0.0.1","user_id":2,"duration_ms":58.91}
{"timestamp":"2026-07-31T14:34:22+05:00","method":"GET","uri":"/lab360/roles/permissions?id=3","status":200,"ip":"127.0.0.1","user_id":2,"duration_ms":39.67}
{"timestamp":"2026-07-31T14:34:48+05:00","method":"POST","uri":"/lab360/roles/permissions","status":302,"ip":"127.0.0.1","user_id":2,"duration_ms":28.98}
{"timestamp":"2026-07-31T14:34:48+05:00","method":"GET","uri":"/lab360/roles","status":200,"ip":"127.0.0.1","user_id":2,"duration_ms":31.38}
{"timestamp":"2026-07-31T14:34:53+05:00","method":"POST","uri":"/lab360/logout","status":302,"ip":"127.0.0.1","user_id":null,"duration_ms":20.46}
{"timestamp":"2026-07-31T14:34:53+05:00","method":"GET","uri":"/lab360/login","status":200,"ip":"127.0.0.1","user_id":null,"duration_ms":10.39}
{"timestamp":"2026-07-31T14:34:58+05:00","method":"POST","uri":"/lab360/login","status":302,"ip":"127.0.0.1","user_id":6,"duration_ms":38.15}
{"timestamp":"2026-07-31T14:34:58+05:00","method":"GET","uri":"/lab360/dashboard","status":200,"ip":"127.0.0.1","user_id":6,"duration_ms":25.62}
{"timestamp":"2026-07-31T14:35:01+05:00","method":"GET","uri":"/lab360/dashboard","status":200,"ip":"127.0.0.1","user_id":6,"duration_ms":42.04}
{"timestamp":"2026-07-31T14:35:03+05:00","method":"GET","uri":"/lab360/activity-logs","status":200,"ip":"127.0.0.1","user_id":6,"duration_ms":43.27}
{"timestamp":"2026-07-31T14:35:13+05:00","method":"GET","uri":"/lab360/profile","status":200,"ip":"127.0.0.1","user_id":6,"duration_ms":42.05}
{"timestamp":"2026-07-31T14:35:14+05:00","method":"GET","uri":"/lab360/profile/password","status":200,"ip":"127.0.0.1","user_id":6,"duration_ms":20.8}
{"timestamp":"2026-07-31T14:35:18+05:00","method":"GET","uri":"/lab360/dashboard","status":200,"ip":"127.0.0.1","user_id":6,"duration_ms":34.13}
{"timestamp":"2026-07-31T14:35:20+05:00","method":"POST","uri":"/lab360/logout","status":302,"ip":"127.0.0.1","user_id":null,"duration_ms":24.2}
{"timestamp":"2026-07-31T14:35:20+05:00","method":"GET","uri":"/lab360/login","status":200,"ip":"127.0.0.1","user_id":null,"duration_ms":19.97}
{"timestamp":"2026-07-31T14:35:24+05:00","method":"POST","uri":"/lab360/login","status":302,"ip":"127.0.0.1","user_id":2,"duration_ms":38.55}
{"timestamp":"2026-07-31T14:35:24+05:00","method":"GET","uri":"/lab360/dashboard","status":200,"ip":"127.0.0.1","user_id":2,"duration_ms":41.74}
{"timestamp":"2026-07-31T14:38:25+05:00","method":"GET","uri":"/lab360/permissions","status":200,"ip":"::1","user_id":2,"duration_ms":33.54}
{"timestamp":"2026-07-31T14:38:27+05:00","method":"GET","uri":"/lab360/roles","status":200,"ip":"::1","user_id":2,"duration_ms":61.17}
{"timestamp":"2026-07-31T14:39:29+05:00","method":"GET","uri":"/lab360/roles/permissions?id=3","status":200,"ip":"::1","user_id":2,"duration_ms":37.79}
{"timestamp":"2026-07-31T14:39:51+05:00","method":"GET","uri":"/lab360/activity-logs","status":200,"ip":"::1","user_id":2,"duration_ms":50.56}
{"timestamp":"2026-07-31T14:40:02+05:00","method":"GET","uri":"/lab360/users","status":200,"ip":"::1","user_id":2,"duration_ms":36.93}
{"timestamp":"2026-07-31T14:40:06+05:00","method":"GET","uri":"/lab360/roles","status":200,"ip":"::1","user_id":2,"duration_ms":33.69}
{"timestamp":"2026-07-31T14:40:09+05:00","method":"GET","uri":"/lab360/users","status":200,"ip":"::1","user_id":2,"duration_ms":41.36}
{"timestamp":"2026-07-31T14:40:11+05:00","method":"GET","uri":"/lab360/users/delete?id=6","status":200,"ip":"::1","user_id":2,"duration_ms":35.86}
{"timestamp":"2026-07-31T14:40:12+05:00","method":"GET","uri":"/lab360/users","status":200,"ip":"::1","user_id":2,"duration_ms":44.61}
{"timestamp":"2026-07-31T14:40:14+05:00","method":"GET","uri":"/lab360/users/delete?id=6","status":200,"ip":"::1","user_id":2,"duration_ms":37.77}
{"timestamp":"2026-07-31T14:40:17+05:00","method":"GET","uri":"/lab360/users/delete?id=2","status":302,"ip":"::1","user_id":2,"duration_ms":25.68}
{"timestamp":"2026-07-31T14:40:17+05:00","method":"GET","uri":"/lab360/users","status":200,"ip":"::1","user_id":2,"duration_ms":33.58}
{"timestamp":"2026-07-31T14:40:23+05:00","method":"GET","uri":"/lab360/users/delete?id=5","status":200,"ip":"::1","user_id":2,"duration_ms":40.43}
{"timestamp":"2026-07-31T14:40:25+05:00","method":"GET","uri":"/lab360/users/delete?id=1","status":302,"ip":"::1","user_id":2,"duration_ms":33.07}
{"timestamp":"2026-07-31T14:40:25+05:00","method":"GET","uri":"/lab360/users","status":200,"ip":"::1","user_id":2,"duration_ms":29.8}
{"timestamp":"2026-07-31T14:40:29+05:00","method":"GET","uri":"/lab360/users/delete?id=5","status":200,"ip":"::1","user_id":2,"duration_ms":40.76}
{"timestamp":"2026-07-31T14:40:31+05:00","method":"GET","uri":"/lab360/users/delete?id=1","status":302,"ip":"::1","user_id":2,"duration_ms":28.12}
{"timestamp":"2026-07-31T14:40:31+05:00","method":"GET","uri":"/lab360/users","status":200,"ip":"::1","user_id":2,"duration_ms":47.32}
{"timestamp":"2026-07-31T14:40:42+05:00","method":"GET","uri":"/lab360/dashboard","status":200,"ip":"::1","user_id":2,"duration_ms":22.81}
{"timestamp":"2026-07-31T14:40:50+05:00","method":"GET","uri":"/lab360/users","status":200,"ip":"::1","user_id":2,"duration_ms":57.89}
{"timestamp":"2026-07-31T14:40:53+05:00","method":"GET","uri":"/lab360/roles","status":200,"ip":"::1","user_id":2,"duration_ms":64.13}
{"timestamp":"2026-07-31T14:40:55+05:00","method":"GET","uri":"/lab360/roles/permissions?id=3","status":200,"ip":"::1","user_id":2,"duration_ms":29.4}
{"timestamp":"2026-07-31T14:40:59+05:00","method":"GET","uri":"/lab360/roles","status":200,"ip":"::1","user_id":2,"duration_ms":49.8}
{"timestamp":"2026-07-31T14:41:09+05:00","method":"POST","uri":"/lab360/logout","status":302,"ip":"::1","user_id":null,"duration_ms":27.37}
{"timestamp":"2026-07-31T14:41:09+05:00","method":"GET","uri":"/lab360/login","status":200,"ip":"::1","user_id":null,"duration_ms":16.06}
{"timestamp":"2026-07-31T14:41:17+05:00","method":"POST","uri":"/lab360/login","status":302,"ip":"::1","user_id":1,"duration_ms":58.37}
{"timestamp":"2026-07-31T14:41:17+05:00","method":"GET","uri":"/lab360/dashboard","status":200,"ip":"::1","user_id":1,"duration_ms":18.36}
{"timestamp":"2026-07-31T14:41:24+05:00","method":"GET","uri":"/lab360/users","status":200,"ip":"::1","user_id":1,"duration_ms":32.62}
{"timestamp":"2026-07-31T14:41:33+05:00","method":"POST","uri":"/lab360/logout","status":302,"ip":"::1","user_id":null,"duration_ms":17.67}
{"timestamp":"2026-07-31T14:41:33+05:00","method":"GET","uri":"/lab360/login","status":200,"ip":"::1","user_id":null,"duration_ms":24.28}
{"timestamp":"2026-07-31T14:41:40+05:00","method":"POST","uri":"/lab360/login","status":302,"ip":"::1","user_id":null,"duration_ms":50.04}
{"timestamp":"2026-07-31T14:41:40+05:00","method":"GET","uri":"/lab360/login","status":200,"ip":"::1","user_id":null,"duration_ms":8.9}
{"timestamp":"2026-07-31T14:41:44+05:00","method":"POST","uri":"/lab360/login","status":302,"ip":"::1","user_id":2,"duration_ms":45.79}
{"timestamp":"2026-07-31T14:41:44+05:00","method":"GET","uri":"/lab360/dashboard","status":200,"ip":"::1","user_id":2,"duration_ms":15.34}
{"timestamp":"2026-07-31T14:41:49+05:00","method":"GET","uri":"/lab360/app-settings","status":200,"ip":"::1","user_id":2,"duration_ms":34.86}
{"timestamp":"2026-07-31T14:41:51+05:00","method":"GET","uri":"/lab360/logs","status":200,"ip":"::1","user_id":2,"duration_ms":44.31}
{"timestamp":"2026-07-31T14:41:53+05:00","method":"GET","uri":"/lab360/rate-limits","status":200,"ip":"::1","user_id":2,"duration_ms":36.26}
{"timestamp":"2026-07-31T14:42:34+05:00","method":"GET","uri":"/lab360/app-settings","status":200,"ip":"::1","user_id":2,"duration_ms":39.16}
{"timestamp":"2026-07-31T14:42:44+05:00","method":"GET","uri":"/lab360/dashboard","status":200,"ip":"::1","user_id":2,"duration_ms":37.74}
{"timestamp":"2026-07-31T14:42:45+05:00","method":"GET","uri":"/lab360/permissions","status":200,"ip":"::1","user_id":2,"duration_ms":51.48}
{"timestamp":"2026-07-31T14:42:48+05:00","method":"GET","uri":"/lab360/roles","status":200,"ip":"::1","user_id":2,"duration_ms":62.49}
{"timestamp":"2026-07-31T14:42:49+05:00","method":"GET","uri":"/lab360/roles/permissions?id=3","status":200,"ip":"::1","user_id":2,"duration_ms":49.8}
{"timestamp":"2026-07-31T14:43:03+05:00","method":"GET","uri":"/lab360/roles","status":200,"ip":"::1","user_id":2,"duration_ms":52.54}
{"timestamp":"2026-07-31T14:43:04+05:00","method":"GET","uri":"/lab360/permissions","status":200,"ip":"::1","user_id":2,"duration_ms":41.67}
{"timestamp":"2026-07-31T14:43:07+05:00","method":"GET","uri":"/lab360/permissions?search=&per_page=5&page=3","status":200,"ip":"::1","user_id":2,"duration_ms":58.11}
{"timestamp":"2026-07-31T14:43:09+05:00","method":"GET","uri":"/lab360/permissions?search=&per_page=5&page=2","status":200,"ip":"::1","user_id":2,"duration_ms":61.06}
{"timestamp":"2026-07-31T14:43:10+05:00","method":"GET","uri":"/lab360/permissions?search=&per_page=5&page=1","status":200,"ip":"::1","user_id":2,"duration_ms":29.36}
{"timestamp":"2026-07-31T14:44:28+05:00","method":"GET","uri":"/lab360/activity-logs","status":200,"ip":"::1","user_id":2,"duration_ms":30.11}
{"timestamp":"2026-07-31T14:44:33+05:00","method":"GET","uri":"/lab360/rate-limits","status":200,"ip":"::1","user_id":2,"duration_ms":34.84}
{"timestamp":"2026-07-31T14:44:39+05:00","method":"GET","uri":"/lab360/rate-limits?search=127.0.0.1&per_page=10","status":200,"ip":"::1","user_id":2,"duration_ms":38.64}
{"timestamp":"2026-07-31T14:44:40+05:00","method":"GET","uri":"/lab360/rate-limits?per_page=10","status":200,"ip":"::1","user_id":2,"duration_ms":45.33}
{"timestamp":"2026-07-31T14:44:43+05:00","method":"GET","uri":"/lab360/rate-limits?search=&per_page=5","status":200,"ip":"::1","user_id":2,"duration_ms":34.78}
{"timestamp":"2026-07-31T14:44:45+05:00","method":"POST","uri":"/lab360/rate-limits/unblock","status":302,"ip":"::1","user_id":2,"duration_ms":24.07}
{"timestamp":"2026-07-31T14:44:45+05:00","method":"GET","uri":"/lab360/rate-limits","status":200,"ip":"::1","user_id":2,"duration_ms":30.89}
{"timestamp":"2026-07-31T14:44:47+05:00","method":"GET","uri":"/lab360/dashboard","status":200,"ip":"::1","user_id":2,"duration_ms":32.56}
{"timestamp":"2026-07-31T14:46:54+05:00","method":"GET","uri":"/lab360/dashboard","status":200,"ip":"::1","user_id":2,"duration_ms":27.95}
{"timestamp":"2026-07-31T14:47:54+05:00","method":"GET","uri":"/lab360/logs","status":200,"ip":"::1","user_id":2,"duration_ms":56.15}
{"timestamp":"2026-07-31T14:48:18+05:00","method":"GET","uri":"/lab360/dashboard","status":200,"ip":"::1","user_id":2,"duration_ms":37.2}
{"timestamp":"2026-07-31T14:48:21+05:00","method":"GET","uri":"/lab360/app-settings","status":200,"ip":"::1","user_id":2,"duration_ms":26.4}
{"timestamp":"2026-07-31T14:48:26+05:00","method":"GET","uri":"/lab360/dashboard","status":200,"ip":"::1","user_id":2,"duration_ms":37.35}
{"timestamp":"2026-07-31T14:48:29+05:00","method":"GET","uri":"/lab360/users","status":200,"ip":"::1","user_id":2,"duration_ms":46.45}
{"timestamp":"2026-07-31T14:48:32+05:00","method":"GET","uri":"/lab360/roles","status":200,"ip":"::1","user_id":2,"duration_ms":58.01}
{"timestamp":"2026-07-31T14:48:34+05:00","method":"GET","uri":"/lab360/permissions","status":200,"ip":"::1","user_id":2,"duration_ms":57.25}
{"timestamp":"2026-07-31T14:48:36+05:00","method":"GET","uri":"/lab360/dashboard","status":200,"ip":"::1","user_id":2,"duration_ms":44.67}
{"timestamp":"2026-07-31T14:48:38+05:00","method":"GET","uri":"/lab360/users","status":200,"ip":"::1","user_id":2,"duration_ms":55.6}
{"timestamp":"2026-07-31T14:48:57+05:00","method":"GET","uri":"/lab360/users","status":200,"ip":"::1","user_id":2,"duration_ms":44.33}
{"timestamp":"2026-07-31T14:48:58+05:00","method":"GET","uri":"/lab360/users","status":200,"ip":"::1","user_id":2,"duration_ms":49.89}
{"timestamp":"2026-07-31T14:49:08+05:00","method":"POST","uri":"/lab360/logout","status":302,"ip":"::1","user_id":null,"duration_ms":23.14}
{"timestamp":"2026-07-31T14:49:08+05:00","method":"GET","uri":"/lab360/login","status":200,"ip":"::1","user_id":null,"duration_ms":24.91}
{"timestamp":"2026-07-31T14:49:14+05:00","method":"POST","uri":"/lab360/login","status":302,"ip":"::1","user_id":1,"duration_ms":46.13}
{"timestamp":"2026-07-31T14:49:14+05:00","method":"GET","uri":"/lab360/dashboard","status":200,"ip":"::1","user_id":1,"duration_ms":24.25}
{"timestamp":"2026-07-31T14:49:17+05:00","method":"GET","uri":"/lab360/roles","status":200,"ip":"::1","user_id":1,"duration_ms":58.92}
{"timestamp":"2026-07-31T14:49:22+05:00","method":"GET","uri":"/lab360/permissions","status":200,"ip":"::1","user_id":1,"duration_ms":49.06}
{"timestamp":"2026-07-31T14:49:46+05:00","method":"GET","uri":"/lab360/permissions","status":200,"ip":"::1","user_id":1,"duration_ms":36.06}
{"timestamp":"2026-07-31T14:50:35+05:00","method":"GET","uri":"/lab360/permissions","status":200,"ip":"::1","user_id":1,"duration_ms":43.72}
{"timestamp":"2026-07-31T14:50:37+05:00","method":"GET","uri":"/lab360/permissions","status":200,"ip":"::1","user_id":1,"duration_ms":33.02}
{"timestamp":"2026-07-31T14:50:46+05:00","method":"GET","uri":"/lab360/roles","status":200,"ip":"::1","user_id":1,"duration_ms":36.14}
{"timestamp":"2026-07-31T14:50:50+05:00","method":"GET","uri":"/lab360/permissions","status":200,"ip":"::1","user_id":1,"duration_ms":34.63}
{"timestamp":"2026-07-31T14:51:12+05:00","method":"GET","uri":"/lab360/database-backup","status":200,"ip":"::1","user_id":1,"duration_ms":37.07}
{"timestamp":"2026-07-31T14:51:16+05:00","method":"GET","uri":"/lab360/database-backup/database","status":200,"ip":"::1","user_id":1,"duration_ms":56.42}
{"timestamp":"2026-07-31T14:51:33+05:00","method":"GET","uri":"/lab360/dashboard","status":200,"ip":"::1","user_id":1,"duration_ms":41.5}
{"timestamp":"2026-07-31T14:51:34+05:00","method":"GET","uri":"/lab360/roles","status":200,"ip":"::1","user_id":1,"duration_ms":71.14}
{"timestamp":"2026-07-31T14:51:36+05:00","method":"GET","uri":"/lab360/roles/permissions?id=3","status":200,"ip":"::1","user_id":1,"duration_ms":37.61}
{"timestamp":"2026-07-31T14:52:41+05:00","method":"GET","uri":"/lab360/roles/permissions?id=3","status":200,"ip":"::1","user_id":1,"duration_ms":43.34}
{"timestamp":"2026-07-31T14:52:42+05:00","method":"GET","uri":"/lab360/roles/permissions?id=3","status":200,"ip":"::1","user_id":1,"duration_ms":48.11}
{"timestamp":"2026-07-31T14:52:47+05:00","method":"GET","uri":"/lab360/roles","status":200,"ip":"::1","user_id":1,"duration_ms":45.28}
{"timestamp":"2026-07-31T14:52:48+05:00","method":"GET","uri":"/lab360/roles/permissions?id=3","status":200,"ip":"::1","user_id":1,"duration_ms":30.18}
{"timestamp":"2026-07-31T14:52:49+05:00","method":"GET","uri":"/lab360/roles","status":200,"ip":"::1","user_id":1,"duration_ms":32.94}
{"timestamp":"2026-07-31T14:52:52+05:00","method":"GET","uri":"/lab360/roles/edit?id=2","status":200,"ip":"::1","user_id":1,"duration_ms":56.69}
{"timestamp":"2026-07-31T14:52:55+05:00","method":"GET","uri":"/lab360/roles","status":200,"ip":"::1","user_id":1,"duration_ms":51.62}
{"timestamp":"2026-07-31T14:58:06+05:00","method":"GET","uri":"/lab360/roles","status":200,"ip":"::1","user_id":1,"duration_ms":23.99}
{"timestamp":"2026-07-31T14:59:06+05:00","method":"GET","uri":"/lab360/roles","status":200,"ip":"::1","user_id":1,"duration_ms":30.79}
{"timestamp":"2026-07-31T14:59:15+05:00","method":"GET","uri":"/lab360/roles","status":200,"ip":"::1","user_id":1,"duration_ms":32.89}
{"timestamp":"2026-07-31T14:59:16+05:00","method":"GET","uri":"/lab360/roles","status":200,"ip":"::1","user_id":1,"duration_ms":26.99}
{"timestamp":"2026-07-31T14:59:20+05:00","method":"GET","uri":"/lab360/permissions","status":200,"ip":"::1","user_id":1,"duration_ms":30}
{"timestamp":"2026-07-31T14:59:33+05:00","method":"GET","uri":"/lab360/permissions/delete?id=12","status":403,"ip":"::1","user_id":1,"duration_ms":10.82}
{"timestamp":"2026-07-31T14:59:47+05:00","method":"GET","uri":"/lab360/dashboard","status":200,"ip":"::1","user_id":1,"duration_ms":21.75}
{"timestamp":"2026-07-31T14:59:51+05:00","method":"GET","uri":"/lab360/roles","status":200,"ip":"::1","user_id":1,"duration_ms":20.15}
{"timestamp":"2026-07-31T14:59:52+05:00","method":"GET","uri":"/lab360/roles/permissions?id=3","status":200,"ip":"::1","user_id":1,"duration_ms":17.95}
{"timestamp":"2026-07-31T15:01:04+05:00","method":"GET","uri":"/lab360/health","status":200,"ip":"::1","user_id":1,"duration_ms":26.77}
{"timestamp":"2026-07-31T15:01:06+05:00","method":"GET","uri":"/lab360/health","status":200,"ip":"::1","user_id":1,"duration_ms":28.84}
{"timestamp":"2026-07-31T15:01:09+05:00","method":"POST","uri":"/lab360/logout","status":302,"ip":"::1","user_id":null,"duration_ms":13.91}
{"timestamp":"2026-07-31T15:01:09+05:00","method":"GET","uri":"/lab360/login","status":200,"ip":"::1","user_id":null,"duration_ms":10.04}
{"timestamp":"2026-07-31T15:01:11+05:00","method":"GET","uri":"/lab360/health","status":200,"ip":"::1","user_id":null,"duration_ms":12.62}
{"timestamp":"2026-07-31T15:01:27+05:00","method":"POST","uri":"/lab360/login","status":302,"ip":"::1","user_id":null,"duration_ms":26.63}
{"timestamp":"2026-07-31T15:01:27+05:00","method":"GET","uri":"/lab360/login","status":200,"ip":"::1","user_id":null,"duration_ms":6.2}
{"timestamp":"2026-07-31T15:01:32+05:00","method":"POST","uri":"/lab360/login","status":302,"ip":"::1","user_id":2,"duration_ms":37.43}
{"timestamp":"2026-07-31T15:01:32+05:00","method":"GET","uri":"/lab360/dashboard","status":200,"ip":"::1","user_id":2,"duration_ms":10.25}
{"timestamp":"2026-07-31T15:01:41+05:00","method":"POST","uri":"/lab360/logout","status":302,"ip":"127.0.0.1","user_id":null,"duration_ms":9.15}
{"timestamp":"2026-07-31T15:01:41+05:00","method":"GET","uri":"/lab360/login","status":200,"ip":"127.0.0.1","user_id":null,"duration_ms":6.05}
{"timestamp":"2026-07-31T15:02:41+05:00","method":"GET","uri":"/lab360/dashboard","status":200,"ip":"::1","user_id":2,"duration_ms":14.02}
{"timestamp":"2026-07-31T15:02:44+05:00","method":"GET","uri":"/lab360/app-settings","status":200,"ip":"::1","user_id":2,"duration_ms":30.93}
{"timestamp":"2026-07-31T15:03:51+05:00","method":"POST","uri":"/lab360/app-settings","status":302,"ip":"::1","user_id":2,"duration_ms":25.51}
{"timestamp":"2026-07-31T15:03:51+05:00","method":"GET","uri":"/lab360/app-settings","status":200,"ip":"::1","user_id":2,"duration_ms":16.3}
{"timestamp":"2026-07-31T15:03:52+05:00","method":"GET","uri":"/lab360/dashboard","status":200,"ip":"::1","user_id":2,"duration_ms":21.95}
{"timestamp":"2026-07-31T15:03:56+05:00","method":"GET","uri":"/lab360/login","status":200,"ip":"127.0.0.1","user_id":null,"duration_ms":10.04}
{"timestamp":"2026-07-31T15:05:41+05:00","method":"GET","uri":"/lab360/login","status":200,"ip":"127.0.0.1","user_id":null,"duration_ms":7.28}
{"timestamp":"2026-07-31T15:05:42+05:00","method":"GET","uri":"/lab360/login","status":200,"ip":"127.0.0.1","user_id":null,"duration_ms":8.85}
{"timestamp":"2026-07-31T15:05:49+05:00","method":"GET","uri":"/lab360/login","status":200,"ip":"127.0.0.1","user_id":null,"duration_ms":6.74}
{"timestamp":"2026-07-31T15:05:54+05:00","method":"GET","uri":"/lab360/login","status":200,"ip":"127.0.0.1","user_id":null,"duration_ms":5.9}
{"timestamp":"2026-07-31T15:05:55+05:00","method":"GET","uri":"/lab360/login","status":200,"ip":"127.0.0.1","user_id":null,"duration_ms":9.43}
{"timestamp":"2026-07-31T15:06:11+05:00","method":"GET","uri":"/lab360/login","status":200,"ip":"127.0.0.1","user_id":null,"duration_ms":6.32}
{"timestamp":"2026-07-31T15:08:10+05:00","method":"GET","uri":"/lab360/login","status":200,"ip":"127.0.0.1","user_id":null,"duration_ms":6.31}
{"timestamp":"2026-07-31T15:08:14+05:00","method":"GET","uri":"/lab360/login","status":200,"ip":"127.0.0.1","user_id":null,"duration_ms":10.44}
{"timestamp":"2026-07-31T15:08:15+05:00","method":"GET","uri":"/lab360/login","status":200,"ip":"127.0.0.1","user_id":null,"duration_ms":6.7}
{"timestamp":"2026-07-31T15:09:03+05:00","method":"GET","uri":"/lab360/login","status":200,"ip":"127.0.0.1","user_id":null,"duration_ms":8.01}
{"timestamp":"2026-07-31T15:09:18+05:00","method":"GET","uri":"/lab360/login","status":200,"ip":"127.0.0.1","user_id":null,"duration_ms":8.62}
{"timestamp":"2026-07-31T15:09:35+05:00","method":"GET","uri":"/lab360/login","status":200,"ip":"127.0.0.1","user_id":null,"duration_ms":6.85}
{"timestamp":"2026-07-31T15:10:09+05:00","method":"GET","uri":"/lab360/login","status":500,"ip":"127.0.0.1","user_id":null,"duration_ms":11.33}
{"timestamp":"2026-07-31T15:10:18+05:00","method":"GET","uri":"/lab360/login","status":200,"ip":"127.0.0.1","user_id":null,"duration_ms":7.39}
{"timestamp":"2026-07-31T15:19:04+05:00","method":"GET","uri":"/lab360/users","status":200,"ip":"::1","user_id":2,"duration_ms":33.89}
{"timestamp":"2026-07-31T15:19:13+05:00","method":"GET","uri":"/lab360/users","status":500,"ip":"::1","user_id":2,"duration_ms":20.23}
{"timestamp":"2026-07-31T15:19:14+05:00","method":"GET","uri":"/lab360/dashboard","status":500,"ip":"::1","user_id":2,"duration_ms":7.33}
{"timestamp":"2026-07-31T15:19:15+05:00","method":"GET","uri":"/lab360/dashboard","status":500,"ip":"::1","user_id":2,"duration_ms":17.44}
{"timestamp":"2026-07-31T15:19:16+05:00","method":"GET","uri":"/lab360/dashboard","status":500,"ip":"::1","user_id":2,"duration_ms":9.4}
{"timestamp":"2026-07-31T15:19:16+05:00","method":"GET","uri":"/lab360/dashboard","status":500,"ip":"::1","user_id":2,"duration_ms":9.61}
{"timestamp":"2026-07-31T15:19:16+05:00","method":"GET","uri":"/lab360/dashboard","status":500,"ip":"::1","user_id":2,"duration_ms":7}
{"timestamp":"2026-07-31T15:19:18+05:00","method":"GET","uri":"/lab360/","status":500,"ip":"::1","user_id":2,"duration_ms":11.52}
{"timestamp":"2026-07-31T15:19:20+05:00","method":"GET","uri":"/lab360/","status":500,"ip":"::1","user_id":2,"duration_ms":8.68}
{"timestamp":"2026-07-31T15:19:22+05:00","method":"GET","uri":"/lab360/login","status":302,"ip":"::1","user_id":2,"duration_ms":4.53}
{"timestamp":"2026-07-31T15:19:22+05:00","method":"GET","uri":"/lab360/dashboard","status":500,"ip":"::1","user_id":2,"duration_ms":9.12}
{"timestamp":"2026-07-31T15:19:22+05:00","method":"GET","uri":"/lab360/login","status":302,"ip":"::1","user_id":2,"duration_ms":4.24}
{"timestamp":"2026-07-31T15:19:22+05:00","method":"GET","uri":"/lab360/dashboard","status":500,"ip":"::1","user_id":2,"duration_ms":8.48}
{"timestamp":"2026-07-31T15:19:25+05:00","method":"GET","uri":"/lab360/","status":500,"ip":"::1","user_id":2,"duration_ms":8.76}
{"timestamp":"2026-07-31T15:19:25+05:00","method":"GET","uri":"/lab360/","status":500,"ip":"::1","user_id":2,"duration_ms":10}
{"timestamp":"2026-07-31T15:19:35+05:00","method":"GET","uri":"/lab360/","status":200,"ip":"::1","user_id":2,"duration_ms":20.79}
{"timestamp":"2026-07-31T15:19:36+05:00","method":"GET","uri":"/lab360/users","status":200,"ip":"::1","user_id":2,"duration_ms":24.01}
{"timestamp":"2026-07-31T15:19:40+05:00","method":"POST","uri":"/lab360/logout","status":302,"ip":"::1","user_id":null,"duration_ms":14.44}
{"timestamp":"2026-07-31T15:19:40+05:00","method":"GET","uri":"/lab360/login","status":200,"ip":"::1","user_id":null,"duration_ms":8.83}
{"timestamp":"2026-07-31T15:26:15+05:00","method":"GET","uri":"/lab360/login","status":200,"ip":"::1","user_id":null,"duration_ms":12.35}
{"timestamp":"2026-07-31T15:26:17+05:00","method":"GET","uri":"/lab360/login","status":200,"ip":"127.0.0.1","user_id":null,"duration_ms":9.42}
{"timestamp":"2026-07-31T15:26:22+05:00","method":"POST","uri":"/lab360/login","status":302,"ip":"::1","user_id":2,"duration_ms":36.64}
{"timestamp":"2026-07-31T15:26:22+05:00","method":"GET","uri":"/lab360/dashboard","status":200,"ip":"::1","user_id":2,"duration_ms":11.73}
{"timestamp":"2026-07-31T15:26:29+05:00","method":"GET","uri":"/lab360/activity-logs","status":200,"ip":"::1","user_id":2,"duration_ms":33.55}
{"timestamp":"2026-07-31T15:26:33+05:00","method":"GET","uri":"/lab360/users","status":200,"ip":"::1","user_id":2,"duration_ms":34.36}
{"timestamp":"2026-07-31T15:26:42+05:00","method":"GET","uri":"/lab360/users?search=Akbar&per_page=5","status":200,"ip":"::1","user_id":2,"duration_ms":25.02}
{"timestamp":"2026-07-31T15:26:42+05:00","method":"GET","uri":"/lab360/users?per_page=5","status":200,"ip":"::1","user_id":2,"duration_ms":18.48}
{"timestamp":"2026-07-31T15:26:48+05:00","method":"GET","uri":"/lab360/users/create","status":200,"ip":"::1","user_id":2,"duration_ms":26.99}
{"timestamp":"2026-07-31T15:27:15+05:00","method":"POST","uri":"/lab360/users/store","status":302,"ip":"::1","user_id":2,"duration_ms":45.33}
{"timestamp":"2026-07-31T15:27:15+05:00","method":"GET","uri":"/lab360/users","status":200,"ip":"::1","user_id":2,"duration_ms":17.86}
{"timestamp":"2026-07-31T15:27:19+05:00","method":"GET","uri":"/lab360/roles","status":200,"ip":"::1","user_id":2,"duration_ms":34.66}
{"timestamp":"2026-07-31T15:27:20+05:00","method":"GET","uri":"/lab360/permissions","status":200,"ip":"::1","user_id":2,"duration_ms":31.28}
{"timestamp":"2026-07-31T15:27:23+05:00","method":"GET","uri":"/lab360/roles","status":200,"ip":"::1","user_id":2,"duration_ms":28.65}
{"timestamp":"2026-07-31T15:27:30+05:00","method":"GET","uri":"/lab360/roles/create","status":200,"ip":"::1","user_id":2,"duration_ms":14.71}
{"timestamp":"2026-07-31T15:27:38+05:00","method":"POST","uri":"/lab360/roles/store","status":302,"ip":"::1","user_id":2,"duration_ms":22.33}
{"timestamp":"2026-07-31T15:27:38+05:00","method":"GET","uri":"/lab360/roles","status":200,"ip":"::1","user_id":2,"duration_ms":22.71}
{"timestamp":"2026-07-31T15:27:39+05:00","method":"GET","uri":"/lab360/roles/permissions?id=3","status":200,"ip":"::1","user_id":2,"duration_ms":26.65}
{"timestamp":"2026-07-31T15:27:42+05:00","method":"POST","uri":"/lab360/roles/permissions","status":302,"ip":"::1","user_id":2,"duration_ms":24.9}
{"timestamp":"2026-07-31T15:27:42+05:00","method":"GET","uri":"/lab360/roles","status":200,"ip":"::1","user_id":2,"duration_ms":22.32}
{"timestamp":"2026-07-31T15:27:43+05:00","method":"GET","uri":"/lab360/roles/permissions?id=3","status":200,"ip":"::1","user_id":2,"duration_ms":19.3}
{"timestamp":"2026-07-31T15:27:44+05:00","method":"POST","uri":"/lab360/roles/permissions","status":302,"ip":"::1","user_id":2,"duration_ms":24.59}
{"timestamp":"2026-07-31T15:27:44+05:00","method":"GET","uri":"/lab360/roles","status":200,"ip":"::1","user_id":2,"duration_ms":19.15}
{"timestamp":"2026-07-31T15:27:48+05:00","method":"GET","uri":"/lab360/users","status":200,"ip":"::1","user_id":2,"duration_ms":31.32}
{"timestamp":"2026-07-31T15:44:14+05:00","method":"GET","uri":"/lab360/users","status":200,"ip":"::1","user_id":2,"duration_ms":41.85}
{"timestamp":"2026-07-31T15:44:28+05:00","method":"POST","uri":"/lab360/login","status":302,"ip":"127.0.0.1","user_id":null,"duration_ms":30.99}
{"timestamp":"2026-07-31T15:44:28+05:00","method":"GET","uri":"/lab360/login","status":200,"ip":"127.0.0.1","user_id":null,"duration_ms":5.26}
{"timestamp":"2026-07-31T15:44:31+05:00","method":"POST","uri":"/lab360/login","status":302,"ip":"127.0.0.1","user_id":3,"duration_ms":28.74}
{"timestamp":"2026-07-31T15:44:31+05:00","method":"GET","uri":"/lab360/dashboard","status":200,"ip":"127.0.0.1","user_id":3,"duration_ms":14.76}
{"timestamp":"2026-07-31T15:44:36+05:00","method":"GET","uri":"/lab360/roles","status":200,"ip":"::1","user_id":2,"duration_ms":24.92}
{"timestamp":"2026-07-31T15:44:39+05:00","method":"GET","uri":"/lab360/roles/permissions?id=3","status":200,"ip":"::1","user_id":2,"duration_ms":22.19}
{"timestamp":"2026-07-31T15:44:47+05:00","method":"GET","uri":"/lab360/activity-logs","status":200,"ip":"127.0.0.1","user_id":3,"duration_ms":24.28}
{"timestamp":"2026-07-31T15:44:55+05:00","method":"POST","uri":"/lab360/roles/permissions","status":302,"ip":"::1","user_id":2,"duration_ms":19.83}
{"timestamp":"2026-07-31T15:44:55+05:00","method":"GET","uri":"/lab360/roles","status":200,"ip":"::1","user_id":2,"duration_ms":20.77}
{"timestamp":"2026-07-31T15:44:57+05:00","method":"GET","uri":"/lab360/activity-logs","status":200,"ip":"127.0.0.1","user_id":3,"duration_ms":28.19}
{"timestamp":"2026-07-31T15:44:59+05:00","method":"GET","uri":"/lab360/dashboard","status":200,"ip":"127.0.0.1","user_id":3,"duration_ms":29.42}
{"timestamp":"2026-07-31T15:45:02+05:00","method":"GET","uri":"/lab360/roles/permissions?id=3","status":200,"ip":"::1","user_id":2,"duration_ms":18.48}
{"timestamp":"2026-07-31T15:45:05+05:00","method":"POST","uri":"/lab360/roles/permissions","status":302,"ip":"::1","user_id":2,"duration_ms":21.4}
{"timestamp":"2026-07-31T15:45:05+05:00","method":"GET","uri":"/lab360/roles","status":200,"ip":"::1","user_id":2,"duration_ms":22.66}
{"timestamp":"2026-07-31T15:45:06+05:00","method":"GET","uri":"/lab360/dashboard","status":200,"ip":"127.0.0.1","user_id":3,"duration_ms":27.52}
{"timestamp":"2026-07-31T15:45:10+05:00","method":"GET","uri":"/lab360/permissions","status":403,"ip":"127.0.0.1","user_id":3,"duration_ms":12.95}
{"timestamp":"2026-07-31T15:45:11+05:00","method":"GET","uri":"/lab360/dashboard","status":200,"ip":"127.0.0.1","user_id":3,"duration_ms":24.94}
{"timestamp":"2026-07-31T15:45:11+05:00","method":"GET","uri":"/lab360/dashboard","status":200,"ip":"127.0.0.1","user_id":3,"duration_ms":21.29}
{"timestamp":"2026-07-31T15:45:13+05:00","method":"GET","uri":"/lab360/roles/permissions?id=3","status":200,"ip":"::1","user_id":2,"duration_ms":33.37}
{"timestamp":"2026-07-31T15:45:19+05:00","method":"POST","uri":"/lab360/roles/permissions","status":302,"ip":"::1","user_id":2,"duration_ms":28.53}
{"timestamp":"2026-07-31T15:45:19+05:00","method":"GET","uri":"/lab360/roles","status":200,"ip":"::1","user_id":2,"duration_ms":21.76}
{"timestamp":"2026-07-31T15:45:22+05:00","method":"GET","uri":"/lab360/dashboard","status":200,"ip":"127.0.0.1","user_id":3,"duration_ms":17.96}
{"timestamp":"2026-07-31T15:45:23+05:00","method":"GET","uri":"/lab360/dashboard","status":200,"ip":"127.0.0.1","user_id":3,"duration_ms":17.43}
{"timestamp":"2026-07-31T15:45:29+05:00","method":"GET","uri":"/lab360/permissions","status":403,"ip":"127.0.0.1","user_id":3,"duration_ms":10.82}
{"timestamp":"2026-07-31T15:45:30+05:00","method":"GET","uri":"/lab360/dashboard","status":200,"ip":"127.0.0.1","user_id":3,"duration_ms":24.1}
{"timestamp":"2026-07-31T15:45:31+05:00","method":"GET","uri":"/lab360/dashboard","status":200,"ip":"127.0.0.1","user_id":3,"duration_ms":21.3}
{"timestamp":"2026-07-31T15:45:34+05:00","method":"GET","uri":"/lab360/roles/permissions?id=3","status":200,"ip":"::1","user_id":2,"duration_ms":30.3}
{"timestamp":"2026-07-31T15:45:45+05:00","method":"POST","uri":"/lab360/roles/permissions","status":302,"ip":"::1","user_id":2,"duration_ms":27.42}
{"timestamp":"2026-07-31T15:45:45+05:00","method":"GET","uri":"/lab360/roles","status":200,"ip":"::1","user_id":2,"duration_ms":19.79}
{"timestamp":"2026-07-31T15:45:47+05:00","method":"GET","uri":"/lab360/dashboard","status":200,"ip":"127.0.0.1","user_id":3,"duration_ms":22.43}
{"timestamp":"2026-07-31T15:45:51+05:00","method":"GET","uri":"/lab360/dashboard","status":200,"ip":"127.0.0.1","user_id":3,"duration_ms":13.71}
{"timestamp":"2026-07-31T15:45:51+05:00","method":"GET","uri":"/lab360/dashboard","status":200,"ip":"127.0.0.1","user_id":3,"duration_ms":14.99}
{"timestamp":"2026-07-31T15:45:56+05:00","method":"GET","uri":"/lab360/roles/permissions?id=3","status":200,"ip":"::1","user_id":2,"duration_ms":31.9}
{"timestamp":"2026-07-31T15:46:46+05:00","method":"GET","uri":"/lab360/roles","status":200,"ip":"::1","user_id":2,"duration_ms":31.28}
{"timestamp":"2026-07-31T15:49:17+05:00","method":"GET","uri":"/lab360/roles","status":200,"ip":"::1","user_id":2,"duration_ms":38.17}
{"timestamp":"2026-07-31T15:49:21+05:00","method":"GET","uri":"/lab360/dashboard","status":200,"ip":"127.0.0.1","user_id":3,"duration_ms":22.48}
{"timestamp":"2026-07-31T15:49:24+05:00","method":"GET","uri":"/lab360/roles/permissions?id=3","status":200,"ip":"::1","user_id":2,"duration_ms":22.11}
{"timestamp":"2026-07-31T15:49:30+05:00","method":"POST","uri":"/lab360/roles/permissions","status":302,"ip":"::1","user_id":2,"duration_ms":23.91}
{"timestamp":"2026-07-31T15:49:30+05:00","method":"GET","uri":"/lab360/roles","status":200,"ip":"::1","user_id":2,"duration_ms":26.74}
{"timestamp":"2026-07-31T15:49:31+05:00","method":"GET","uri":"/lab360/dashboard","status":403,"ip":"127.0.0.1","user_id":3,"duration_ms":16.82}
{"timestamp":"2026-07-31T15:49:35+05:00","method":"GET","uri":"/lab360/roles/permissions?id=3","status":200,"ip":"::1","user_id":2,"duration_ms":20.53}
{"timestamp":"2026-07-31T15:49:36+05:00","method":"POST","uri":"/lab360/roles/permissions","status":302,"ip":"::1","user_id":2,"duration_ms":29.03}
{"timestamp":"2026-07-31T15:49:36+05:00","method":"GET","uri":"/lab360/roles","status":200,"ip":"::1","user_id":2,"duration_ms":21.91}
{"timestamp":"2026-07-31T15:49:37+05:00","method":"GET","uri":"/lab360/dashboard","status":403,"ip":"127.0.0.1","user_id":3,"duration_ms":11.1}
{"timestamp":"2026-07-31T15:49:41+05:00","method":"GET","uri":"/lab360/roles/permissions?id=3","status":200,"ip":"::1","user_id":2,"duration_ms":28.52}
{"timestamp":"2026-07-31T15:49:42+05:00","method":"POST","uri":"/lab360/roles/permissions","status":302,"ip":"::1","user_id":2,"duration_ms":27.11}
{"timestamp":"2026-07-31T15:49:42+05:00","method":"GET","uri":"/lab360/roles","status":200,"ip":"::1","user_id":2,"duration_ms":20.78}
{"timestamp":"2026-07-31T15:49:43+05:00","method":"GET","uri":"/lab360/dashboard","status":200,"ip":"127.0.0.1","user_id":3,"duration_ms":24.41}
{"timestamp":"2026-07-31T15:49:45+05:00","method":"GET","uri":"/lab360/activity-logs","status":200,"ip":"127.0.0.1","user_id":3,"duration_ms":20.47}
{"timestamp":"2026-07-31T15:49:50+05:00","method":"GET","uri":"/lab360/roles/permissions?id=3","status":200,"ip":"::1","user_id":2,"duration_ms":30.6}
{"timestamp":"2026-07-31T15:49:57+05:00","method":"POST","uri":"/lab360/roles/permissions","status":302,"ip":"::1","user_id":2,"duration_ms":23.39}
{"timestamp":"2026-07-31T15:49:57+05:00","method":"GET","uri":"/lab360/roles","status":200,"ip":"::1","user_id":2,"duration_ms":22.21}
{"timestamp":"2026-07-31T15:50:00+05:00","method":"GET","uri":"/lab360/activity-logs","status":200,"ip":"127.0.0.1","user_id":3,"duration_ms":24.27}
{"timestamp":"2026-07-31T15:50:02+05:00","method":"GET","uri":"/lab360/roles/permissions?id=3","status":200,"ip":"::1","user_id":2,"duration_ms":27.81}
{"timestamp":"2026-07-31T15:50:03+05:00","method":"POST","uri":"/lab360/roles/permissions","status":302,"ip":"::1","user_id":2,"duration_ms":27.4}
{"timestamp":"2026-07-31T15:50:04+05:00","method":"GET","uri":"/lab360/roles","status":200,"ip":"::1","user_id":2,"duration_ms":28.31}
{"timestamp":"2026-07-31T15:50:05+05:00","method":"GET","uri":"/lab360/activity-logs","status":200,"ip":"127.0.0.1","user_id":3,"duration_ms":28.77}
{"timestamp":"2026-07-31T15:50:07+05:00","method":"GET","uri":"/lab360/database-backup","status":200,"ip":"127.0.0.1","user_id":3,"duration_ms":16.58}
{"timestamp":"2026-07-31T15:50:33+05:00","method":"GET","uri":"/lab360/database-backup/database","status":200,"ip":"127.0.0.1","user_id":3,"duration_ms":27.84}
{"timestamp":"2026-07-31T15:51:23+05:00","method":"GET","uri":"/lab360/roles","status":200,"ip":"::1","user_id":2,"duration_ms":25.48}
{"timestamp":"2026-07-31T15:51:26+05:00","method":"GET","uri":"/lab360/roles/permissions?id=3","status":200,"ip":"::1","user_id":2,"duration_ms":24.85}
{"timestamp":"2026-07-31T15:51:31+05:00","method":"POST","uri":"/lab360/roles/permissions","status":302,"ip":"::1","user_id":2,"duration_ms":28.31}
{"timestamp":"2026-07-31T15:51:31+05:00","method":"GET","uri":"/lab360/roles","status":200,"ip":"::1","user_id":2,"duration_ms":36.53}
{"timestamp":"2026-07-31T15:51:33+05:00","method":"GET","uri":"/lab360/dashboard","status":200,"ip":"127.0.0.1","user_id":3,"duration_ms":20.65}
{"timestamp":"2026-07-31T15:51:34+05:00","method":"GET","uri":"/lab360/users","status":200,"ip":"127.0.0.1","user_id":3,"duration_ms":29.44}
{"timestamp":"2026-07-31T15:53:05+05:00","method":"GET","uri":"/lab360/database-backup","status":200,"ip":"127.0.0.1","user_id":3,"duration_ms":22.28}
{"timestamp":"2026-07-31T15:53:13+05:00","method":"GET","uri":"/lab360/app-settings","status":200,"ip":"::1","user_id":2,"duration_ms":30.37}
{"timestamp":"2026-07-31T15:53:16+05:00","method":"POST","uri":"/lab360/app-settings","status":302,"ip":"::1","user_id":2,"duration_ms":20.65}
{"timestamp":"2026-07-31T15:53:16+05:00","method":"GET","uri":"/lab360/app-settings","status":200,"ip":"::1","user_id":2,"duration_ms":19.31}
{"timestamp":"2026-07-31T15:53:17+05:00","method":"GET","uri":"/lab360/database-backup","status":200,"ip":"127.0.0.1","user_id":3,"duration_ms":25.37}
{"timestamp":"2026-07-31T15:53:19+05:00","method":"GET","uri":"/lab360/database-backup","status":200,"ip":"127.0.0.1","user_id":3,"duration_ms":25.02}
{"timestamp":"2026-07-31T15:53:21+05:00","method":"GET","uri":"/lab360/database-backup/full","status":200,"ip":"127.0.0.1","user_id":3,"duration_ms":48.21}
{"timestamp":"2026-07-31T15:53:23+05:00","method":"GET","uri":"/lab360/database-backup/database","status":200,"ip":"127.0.0.1","user_id":3,"duration_ms":30.66}
{"timestamp":"2026-07-31T15:53:24+05:00","method":"GET","uri":"/lab360/database-backup/database","status":200,"ip":"127.0.0.1","user_id":3,"duration_ms":32.39}
{"timestamp":"2026-07-31T15:53:29+05:00","method":"POST","uri":"/lab360/app-settings","status":302,"ip":"::1","user_id":2,"duration_ms":19.94}
{"timestamp":"2026-07-31T15:53:30+05:00","method":"GET","uri":"/lab360/app-settings","status":200,"ip":"::1","user_id":2,"duration_ms":19.34}
{"timestamp":"2026-07-31T15:53:31+05:00","method":"GET","uri":"/lab360/database-backup","status":200,"ip":"127.0.0.1","user_id":3,"duration_ms":29.83}
{"timestamp":"2026-07-31T15:53:32+05:00","method":"GET","uri":"/lab360/users","status":200,"ip":"127.0.0.1","user_id":3,"duration_ms":18.45}
{"timestamp":"2026-07-31T15:53:39+05:00","method":"GET","uri":"/lab360/database-backup","status":200,"ip":"127.0.0.1","user_id":3,"duration_ms":24.85}
{"timestamp":"2026-07-31T15:53:40+05:00","method":"GET","uri":"/lab360/database-backup/database","status":200,"ip":"127.0.0.1","user_id":3,"duration_ms":35.57}
{"timestamp":"2026-07-31T15:53:41+05:00","method":"GET","uri":"/lab360/users","status":302,"ip":"::1","user_id":null,"duration_ms":8.79}
{"timestamp":"2026-07-31T15:53:41+05:00","method":"GET","uri":"/lab360/login","status":200,"ip":"::1","user_id":null,"duration_ms":10.32}
{"timestamp":"2026-07-31T15:53:43+05:00","method":"GET","uri":"/lab360/database-backup/uploads","status":200,"ip":"127.0.0.1","user_id":3,"duration_ms":22.69}
{"timestamp":"2026-07-31T15:53:44+05:00","method":"GET","uri":"/lab360/database-backup/full","status":200,"ip":"127.0.0.1","user_id":3,"duration_ms":43.5}
{"timestamp":"2026-07-31T15:53:51+05:00","method":"GET","uri":"/lab360/rate-limits","status":200,"ip":"::1","user_id":2,"duration_ms":22.35}
{"timestamp":"2026-07-31T15:54:00+05:00","method":"POST","uri":"/lab360/rate-limits","status":302,"ip":"::1","user_id":2,"duration_ms":20.71}
{"timestamp":"2026-07-31T15:54:00+05:00","method":"GET","uri":"/lab360/rate-limits","status":429,"ip":"::1","user_id":2,"duration_ms":8.2}
{"timestamp":"2026-07-31T15:54:02+05:00","method":"GET","uri":"/lab360/dashboard","status":429,"ip":"::1","user_id":2,"duration_ms":10.84}
{"timestamp":"2026-07-31T15:54:07+05:00","method":"GET","uri":"/lab360/dashboard","status":429,"ip":"::1","user_id":2,"duration_ms":9.16}
{"timestamp":"2026-07-31T15:54:52+05:00","method":"GET","uri":"/lab360/dashboard","status":200,"ip":"::1","user_id":2,"duration_ms":13.92}
{"timestamp":"2026-07-31T15:54:56+05:00","method":"GET","uri":"/lab360/rate-limits","status":200,"ip":"::1","user_id":2,"duration_ms":21.43}
{"timestamp":"2026-07-31T15:55:00+05:00","method":"POST","uri":"/lab360/rate-limits","status":302,"ip":"::1","user_id":2,"duration_ms":20.02}
{"timestamp":"2026-07-31T15:55:00+05:00","method":"GET","uri":"/lab360/rate-limits","status":200,"ip":"::1","user_id":2,"duration_ms":18.64}
{"timestamp":"2026-07-31T15:55:04+05:00","method":"POST","uri":"/lab360/rate-limits","status":302,"ip":"::1","user_id":2,"duration_ms":18.95}
{"timestamp":"2026-07-31T15:55:04+05:00","method":"GET","uri":"/lab360/rate-limits","status":200,"ip":"::1","user_id":2,"duration_ms":14.4}
{"timestamp":"2026-07-31T15:55:08+05:00","method":"POST","uri":"/lab360/rate-limits","status":302,"ip":"::1","user_id":2,"duration_ms":17.15}
{"timestamp":"2026-07-31T15:55:08+05:00","method":"GET","uri":"/lab360/rate-limits","status":200,"ip":"::1","user_id":2,"duration_ms":17.87}
{"timestamp":"2026-07-31T15:55:10+05:00","method":"GET","uri":"/lab360/dashboard","status":200,"ip":"127.0.0.1","user_id":3,"duration_ms":18.71}
{"timestamp":"2026-07-31T15:55:13+05:00","method":"GET","uri":"/lab360/dashboard","status":200,"ip":"127.0.0.1","user_id":3,"duration_ms":19.08}
{"timestamp":"2026-07-31T15:55:13+05:00","method":"GET","uri":"/lab360/dashboard","status":200,"ip":"127.0.0.1","user_id":3,"duration_ms":24.29}
{"timestamp":"2026-07-31T15:55:14+05:00","method":"GET","uri":"/lab360/dashboard","status":200,"ip":"127.0.0.1","user_id":3,"duration_ms":18.03}
{"timestamp":"2026-07-31T15:55:14+05:00","method":"GET","uri":"/lab360/dashboard","status":200,"ip":"127.0.0.1","user_id":3,"duration_ms":17.64}
{"timestamp":"2026-07-31T15:55:14+05:00","method":"GET","uri":"/lab360/dashboard","status":200,"ip":"127.0.0.1","user_id":3,"duration_ms":18.5}
{"timestamp":"2026-07-31T15:55:14+05:00","method":"GET","uri":"/lab360/dashboard","status":200,"ip":"127.0.0.1","user_id":3,"duration_ms":21.62}
{"timestamp":"2026-07-31T15:55:15+05:00","method":"GET","uri":"/lab360/dashboard","status":200,"ip":"127.0.0.1","user_id":3,"duration_ms":30.98}
{"timestamp":"2026-07-31T15:55:15+05:00","method":"GET","uri":"/lab360/dashboard","status":200,"ip":"127.0.0.1","user_id":3,"duration_ms":33.34}
{"timestamp":"2026-07-31T15:55:15+05:00","method":"GET","uri":"/lab360/dashboard","status":200,"ip":"127.0.0.1","user_id":3,"duration_ms":23.81}
{"timestamp":"2026-07-31T15:55:16+05:00","method":"GET","uri":"/lab360/dashboard","status":200,"ip":"127.0.0.1","user_id":3,"duration_ms":30.19}
{"timestamp":"2026-07-31T15:55:16+05:00","method":"GET","uri":"/lab360/dashboard","status":200,"ip":"127.0.0.1","user_id":3,"duration_ms":29.36}
{"timestamp":"2026-07-31T15:55:16+05:00","method":"GET","uri":"/lab360/dashboard","status":200,"ip":"127.0.0.1","user_id":3,"duration_ms":28.38}
{"timestamp":"2026-07-31T15:55:16+05:00","method":"GET","uri":"/lab360/dashboard","status":200,"ip":"127.0.0.1","user_id":3,"duration_ms":23.43}
{"timestamp":"2026-07-31T15:55:17+05:00","method":"GET","uri":"/lab360/dashboard","status":200,"ip":"127.0.0.1","user_id":3,"duration_ms":31.59}
{"timestamp":"2026-07-31T15:55:17+05:00","method":"GET","uri":"/lab360/dashboard","status":200,"ip":"127.0.0.1","user_id":3,"duration_ms":19.27}
{"timestamp":"2026-07-31T15:55:17+05:00","method":"GET","uri":"/lab360/dashboard","status":200,"ip":"127.0.0.1","user_id":3,"duration_ms":21.68}
{"timestamp":"2026-07-31T15:55:17+05:00","method":"GET","uri":"/lab360/dashboard","status":200,"ip":"127.0.0.1","user_id":3,"duration_ms":17.95}
{"timestamp":"2026-07-31T15:55:18+05:00","method":"GET","uri":"/lab360/dashboard","status":200,"ip":"127.0.0.1","user_id":3,"duration_ms":18.84}
{"timestamp":"2026-07-31T15:55:18+05:00","method":"GET","uri":"/lab360/dashboard","status":200,"ip":"127.0.0.1","user_id":3,"duration_ms":20.79}
{"timestamp":"2026-07-31T15:55:18+05:00","method":"GET","uri":"/lab360/dashboard","status":200,"ip":"127.0.0.1","user_id":3,"duration_ms":21.25}
{"timestamp":"2026-07-31T15:55:19+05:00","method":"GET","uri":"/lab360/dashboard","status":200,"ip":"127.0.0.1","user_id":3,"duration_ms":22.01}
{"timestamp":"2026-07-31T15:55:19+05:00","method":"GET","uri":"/lab360/dashboard","status":200,"ip":"127.0.0.1","user_id":3,"duration_ms":28.55}
{"timestamp":"2026-07-31T15:55:19+05:00","method":"GET","uri":"/lab360/dashboard","status":200,"ip":"127.0.0.1","user_id":3,"duration_ms":28.86}
{"timestamp":"2026-07-31T15:55:19+05:00","method":"GET","uri":"/lab360/dashboard","status":200,"ip":"127.0.0.1","user_id":3,"duration_ms":27.41}
{"timestamp":"2026-07-31T15:55:20+05:00","method":"GET","uri":"/lab360/dashboard","status":200,"ip":"127.0.0.1","user_id":3,"duration_ms":23.98}
{"timestamp":"2026-07-31T15:55:20+05:00","method":"GET","uri":"/lab360/dashboard","status":200,"ip":"127.0.0.1","user_id":3,"duration_ms":23.31}
{"timestamp":"2026-07-31T15:55:20+05:00","method":"GET","uri":"/lab360/dashboard","status":200,"ip":"127.0.0.1","user_id":3,"duration_ms":25.92}
{"timestamp":"2026-07-31T15:55:25+05:00","method":"POST","uri":"/lab360/rate-limits","status":302,"ip":"::1","user_id":2,"duration_ms":22.51}
{"timestamp":"2026-07-31T15:55:25+05:00","method":"GET","uri":"/lab360/rate-limits","status":200,"ip":"::1","user_id":2,"duration_ms":17.26}
{"timestamp":"2026-07-31T15:55:28+05:00","method":"POST","uri":"/lab360/rate-limits","status":302,"ip":"::1","user_id":2,"duration_ms":15.2}
{"timestamp":"2026-07-31T15:55:28+05:00","method":"GET","uri":"/lab360/rate-limits","status":429,"ip":"::1","user_id":2,"duration_ms":7.44}
{"timestamp":"2026-07-31T15:55:32+05:00","method":"GET","uri":"/lab360/dashboard","status":429,"ip":"::1","user_id":2,"duration_ms":14.51}
{"timestamp":"2026-07-31T15:55:40+05:00","method":"GET","uri":"/lab360/dashboard","status":200,"ip":"::1","user_id":2,"duration_ms":17.47}
{"timestamp":"2026-07-31T15:55:51+05:00","method":"GET","uri":"/lab360/dashboard","status":200,"ip":"127.0.0.1","user_id":3,"duration_ms":15.46}
{"timestamp":"2026-07-31T15:55:51+05:00","method":"GET","uri":"/lab360/dashboard","status":200,"ip":"127.0.0.1","user_id":3,"duration_ms":29.31}
{"timestamp":"2026-07-31T15:55:52+05:00","method":"GET","uri":"/lab360/dashboard","status":200,"ip":"127.0.0.1","user_id":3,"duration_ms":28.21}
{"timestamp":"2026-07-31T15:55:52+05:00","method":"GET","uri":"/lab360/dashboard","status":429,"ip":"127.0.0.1","user_id":3,"duration_ms":17}
{"timestamp":"2026-07-31T15:55:57+05:00","method":"GET","uri":"/lab360/rate-limits","status":429,"ip":"::1","user_id":2,"duration_ms":16.21}
{"timestamp":"2026-07-31T15:56:06+05:00","method":"GET","uri":"/lab360/rate-limits","status":200,"ip":"::1","user_id":2,"duration_ms":28.93}
{"timestamp":"2026-07-31T15:56:15+05:00","method":"POST","uri":"/lab360/rate-limits","status":302,"ip":"::1","user_id":2,"duration_ms":20.61}
{"timestamp":"2026-07-31T15:56:15+05:00","method":"GET","uri":"/lab360/rate-limits","status":200,"ip":"::1","user_id":2,"duration_ms":20.14}
{"timestamp":"2026-07-31T15:56:21+05:00","method":"GET","uri":"/lab360/dashboard","status":429,"ip":"127.0.0.1","user_id":3,"duration_ms":9.88}
{"timestamp":"2026-07-31T15:56:22+05:00","method":"GET","uri":"/lab360/dashboard","status":429,"ip":"127.0.0.1","user_id":3,"duration_ms":10.53}
{"timestamp":"2026-07-31T15:56:23+05:00","method":"GET","uri":"/lab360/dashboard","status":429,"ip":"127.0.0.1","user_id":3,"duration_ms":11.27}
{"timestamp":"2026-07-31T15:56:23+05:00","method":"GET","uri":"/lab360/dashboard","status":429,"ip":"127.0.0.1","user_id":3,"duration_ms":11.05}
{"timestamp":"2026-07-31T15:56:25+05:00","method":"POST","uri":"/lab360/rate-limits/unblock","status":302,"ip":"::1","user_id":2,"duration_ms":18.8}
{"timestamp":"2026-07-31T15:56:25+05:00","method":"GET","uri":"/lab360/rate-limits","status":200,"ip":"::1","user_id":2,"duration_ms":21.09}
{"timestamp":"2026-07-31T15:56:27+05:00","method":"GET","uri":"/lab360/dashboard","status":200,"ip":"127.0.0.1","user_id":3,"duration_ms":21.84}
{"timestamp":"2026-07-31T15:56:29+05:00","method":"GET","uri":"/lab360/dashboard","status":200,"ip":"127.0.0.1","user_id":3,"duration_ms":24.63}
{"timestamp":"2026-07-31T15:56:30+05:00","method":"GET","uri":"/lab360/dashboard","status":200,"ip":"127.0.0.1","user_id":3,"duration_ms":21.81}
{"timestamp":"2026-07-31T15:56:30+05:00","method":"GET","uri":"/lab360/dashboard","status":200,"ip":"127.0.0.1","user_id":3,"duration_ms":24.86}
{"timestamp":"2026-07-31T15:56:31+05:00","method":"GET","uri":"/lab360/dashboard","status":200,"ip":"127.0.0.1","user_id":3,"duration_ms":24.29}
{"timestamp":"2026-07-31T15:56:32+05:00","method":"GET","uri":"/lab360/dashboard","status":200,"ip":"127.0.0.1","user_id":3,"duration_ms":21.27}
{"timestamp":"2026-07-31T15:56:33+05:00","method":"GET","uri":"/lab360/users","status":200,"ip":"127.0.0.1","user_id":3,"duration_ms":22.24}
{"timestamp":"2026-07-31T15:56:34+05:00","method":"GET","uri":"/lab360/users","status":200,"ip":"127.0.0.1","user_id":3,"duration_ms":20.56}
{"timestamp":"2026-07-31T15:56:36+05:00","method":"GET","uri":"/lab360/users","status":200,"ip":"127.0.0.1","user_id":3,"duration_ms":21.42}
{"timestamp":"2026-07-31T15:56:36+05:00","method":"GET","uri":"/lab360/users","status":200,"ip":"127.0.0.1","user_id":3,"duration_ms":22.43}
{"timestamp":"2026-07-31T15:56:36+05:00","method":"GET","uri":"/lab360/users","status":200,"ip":"127.0.0.1","user_id":3,"duration_ms":20.82}
{"timestamp":"2026-07-31T15:56:37+05:00","method":"GET","uri":"/lab360/users","status":200,"ip":"127.0.0.1","user_id":3,"duration_ms":29.99}
{"timestamp":"2026-07-31T15:56:37+05:00","method":"GET","uri":"/lab360/users","status":200,"ip":"127.0.0.1","user_id":3,"duration_ms":25.48}
{"timestamp":"2026-07-31T15:56:38+05:00","method":"GET","uri":"/lab360/users","status":200,"ip":"127.0.0.1","user_id":3,"duration_ms":36.35}
{"timestamp":"2026-07-31T15:56:38+05:00","method":"GET","uri":"/lab360/users","status":200,"ip":"127.0.0.1","user_id":3,"duration_ms":28.14}
{"timestamp":"2026-07-31T15:56:38+05:00","method":"GET","uri":"/lab360/users","status":200,"ip":"127.0.0.1","user_id":3,"duration_ms":25.17}
{"timestamp":"2026-07-31T15:56:38+05:00","method":"GET","uri":"/lab360/users","status":200,"ip":"127.0.0.1","user_id":3,"duration_ms":31.81}
{"timestamp":"2026-07-31T15:56:38+05:00","method":"GET","uri":"/lab360/users","status":200,"ip":"127.0.0.1","user_id":3,"duration_ms":20.31}
{"timestamp":"2026-07-31T15:56:39+05:00","method":"GET","uri":"/lab360/users","status":200,"ip":"127.0.0.1","user_id":3,"duration_ms":23.88}
{"timestamp":"2026-07-31T15:56:39+05:00","method":"GET","uri":"/lab360/users","status":200,"ip":"127.0.0.1","user_id":3,"duration_ms":21.08}
{"timestamp":"2026-07-31T15:56:39+05:00","method":"GET","uri":"/lab360/users","status":200,"ip":"127.0.0.1","user_id":3,"duration_ms":36.6}
{"timestamp":"2026-07-31T15:56:40+05:00","method":"GET","uri":"/lab360/users","status":200,"ip":"127.0.0.1","user_id":3,"duration_ms":37.85}
{"timestamp":"2026-07-31T15:56:40+05:00","method":"GET","uri":"/lab360/users","status":200,"ip":"127.0.0.1","user_id":3,"duration_ms":32}
{"timestamp":"2026-07-31T15:56:40+05:00","method":"GET","uri":"/lab360/users","status":200,"ip":"127.0.0.1","user_id":3,"duration_ms":29.83}
{"timestamp":"2026-07-31T15:56:42+05:00","method":"GET","uri":"/lab360/users","status":200,"ip":"127.0.0.1","user_id":3,"duration_ms":22.86}
{"timestamp":"2026-07-31T15:57:09+05:00","method":"GET","uri":"/lab360/users","status":200,"ip":"127.0.0.1","user_id":3,"duration_ms":23.94}
{"timestamp":"2026-07-31T15:57:10+05:00","method":"GET","uri":"/lab360/users","status":200,"ip":"127.0.0.1","user_id":3,"duration_ms":27.38}
{"timestamp":"2026-07-31T15:57:11+05:00","method":"GET","uri":"/lab360/users","status":200,"ip":"127.0.0.1","user_id":3,"duration_ms":22.68}
{"timestamp":"2026-07-31T15:57:12+05:00","method":"GET","uri":"/lab360/dashboard","status":200,"ip":"127.0.0.1","user_id":3,"duration_ms":22.44}
{"timestamp":"2026-07-31T15:57:12+05:00","method":"GET","uri":"/lab360/dashboard","status":200,"ip":"127.0.0.1","user_id":3,"duration_ms":16.55}
{"timestamp":"2026-07-31T15:57:12+05:00","method":"GET","uri":"/lab360/dashboard","status":429,"ip":"127.0.0.1","user_id":3,"duration_ms":12.61}
{"timestamp":"2026-07-31T15:57:20+05:00","method":"GET","uri":"/lab360/rate-limits","status":200,"ip":"::1","user_id":2,"duration_ms":23.22}
{"timestamp":"2026-07-31T15:57:28+05:00","method":"POST","uri":"/lab360/rate-limits/unblock","status":302,"ip":"::1","user_id":2,"duration_ms":19.67}
{"timestamp":"2026-07-31T15:57:28+05:00","method":"GET","uri":"/lab360/rate-limits","status":200,"ip":"::1","user_id":2,"duration_ms":21.05}
{"timestamp":"2026-07-31T15:57:31+05:00","method":"POST","uri":"/lab360/rate-limits/unblock","status":302,"ip":"::1","user_id":2,"duration_ms":20.05}
{"timestamp":"2026-07-31T15:57:31+05:00","method":"GET","uri":"/lab360/rate-limits","status":200,"ip":"::1","user_id":2,"duration_ms":23.33}
{"timestamp":"2026-07-31T15:57:36+05:00","method":"GET","uri":"/lab360/dashboard","status":200,"ip":"127.0.0.1","user_id":3,"duration_ms":19.16}
{"timestamp":"2026-07-31T15:57:38+05:00","method":"GET","uri":"/lab360/rate-limits","status":200,"ip":"::1","user_id":2,"duration_ms":20.91}
{"timestamp":"2026-07-31T15:58:14+05:00","method":"POST","uri":"/lab360/rate-limits","status":302,"ip":"::1","user_id":2,"duration_ms":19.88}
{"timestamp":"2026-07-31T15:58:14+05:00","method":"GET","uri":"/lab360/rate-limits","status":200,"ip":"::1","user_id":2,"duration_ms":18.11}
{"timestamp":"2026-07-31T15:58:17+05:00","method":"GET","uri":"/lab360/logs","status":200,"ip":"::1","user_id":2,"duration_ms":30.73}
{"timestamp":"2026-07-31T15:58:34+05:00","method":"GET","uri":"/lab360/logs?date=2026-07-31&per_page=50&page=2","status":200,"ip":"::1","user_id":2,"duration_ms":19.31}
{"timestamp":"2026-07-31T15:58:43+05:00","method":"GET","uri":"/lab360/app-settings","status":200,"ip":"::1","user_id":2,"duration_ms":20.68}
{"timestamp":"2026-07-31T15:58:46+05:00","method":"GET","uri":"/lab360/activity-logs","status":200,"ip":"::1","user_id":2,"duration_ms":29.53}
{"timestamp":"2026-07-31T15:58:52+05:00","method":"GET","uri":"/lab360/activity-logs","status":200,"ip":"127.0.0.1","user_id":3,"duration_ms":30.68}
{"timestamp":"2026-07-31T15:58:56+05:00","method":"GET","uri":"/lab360/users","status":200,"ip":"::1","user_id":2,"duration_ms":21.04}
{"timestamp":"2026-07-31T15:58:58+05:00","method":"GET","uri":"/lab360/permissions","status":200,"ip":"::1","user_id":2,"duration_ms":27.36}
{"timestamp":"2026-07-31T15:59:01+05:00","method":"GET","uri":"/lab360/roles","status":200,"ip":"::1","user_id":2,"duration_ms":26.12}
{"timestamp":"2026-07-31T15:59:02+05:00","method":"GET","uri":"/lab360/roles/permissions?id=3","status":200,"ip":"::1","user_id":2,"duration_ms":27.89}
{"timestamp":"2026-07-31T15:59:08+05:00","method":"POST","uri":"/lab360/roles/permissions","status":302,"ip":"::1","user_id":2,"duration_ms":18.89}
{"timestamp":"2026-07-31T15:59:08+05:00","method":"GET","uri":"/lab360/roles","status":200,"ip":"::1","user_id":2,"duration_ms":17.09}
{"timestamp":"2026-07-31T15:59:12+05:00","method":"GET","uri":"/lab360/activity-logs","status":403,"ip":"127.0.0.1","user_id":3,"duration_ms":22.91}
{"timestamp":"2026-07-31T15:59:13+05:00","method":"GET","uri":"/lab360/dashboard","status":200,"ip":"127.0.0.1","user_id":3,"duration_ms":21.95}
{"timestamp":"2026-07-31T15:59:14+05:00","method":"GET","uri":"/lab360/dashboard","status":200,"ip":"127.0.0.1","user_id":3,"duration_ms":23.98}
{"timestamp":"2026-07-31T15:59:18+05:00","method":"GET","uri":"/lab360/roles/permissions?id=3","status":200,"ip":"::1","user_id":2,"duration_ms":31.19}
{"timestamp":"2026-07-31T15:59:21+05:00","method":"GET","uri":"/lab360/roles","status":200,"ip":"::1","user_id":2,"duration_ms":26.19}
{"timestamp":"2026-07-31T15:59:25+05:00","method":"GET","uri":"/lab360/roles/create","status":200,"ip":"::1","user_id":2,"duration_ms":28.59}
{"timestamp":"2026-07-31T15:59:31+05:00","method":"POST","uri":"/lab360/roles/store","status":302,"ip":"::1","user_id":2,"duration_ms":17.23}
{"timestamp":"2026-07-31T15:59:31+05:00","method":"GET","uri":"/lab360/roles/create","status":200,"ip":"::1","user_id":2,"duration_ms":20.86}
{"timestamp":"2026-07-31T15:59:42+05:00","method":"POST","uri":"/lab360/roles/store","status":302,"ip":"::1","user_id":2,"duration_ms":20.6}
{"timestamp":"2026-07-31T15:59:42+05:00","method":"GET","uri":"/lab360/roles","status":200,"ip":"::1","user_id":2,"duration_ms":19.17}
{"timestamp":"2026-07-31T15:59:44+05:00","method":"GET","uri":"/lab360/roles/edit?id=4","status":200,"ip":"::1","user_id":2,"duration_ms":22.51}
{"timestamp":"2026-07-31T15:59:45+05:00","method":"POST","uri":"/lab360/roles/update","status":302,"ip":"::1","user_id":2,"duration_ms":20.1}
{"timestamp":"2026-07-31T15:59:45+05:00","method":"GET","uri":"/lab360/roles","status":200,"ip":"::1","user_id":2,"duration_ms":18.26}
{"timestamp":"2026-07-31T15:59:50+05:00","method":"GET","uri":"/lab360/roles/edit?id=4","status":200,"ip":"::1","user_id":2,"duration_ms":23.53}
{"timestamp":"2026-07-31T15:59:51+05:00","method":"POST","uri":"/lab360/roles/update","status":302,"ip":"::1","user_id":2,"duration_ms":25.06}
{"timestamp":"2026-07-31T15:59:51+05:00","method":"GET","uri":"/lab360/roles","status":200,"ip":"::1","user_id":2,"duration_ms":22.56}
{"timestamp":"2026-07-31T15:59:53+05:00","method":"GET","uri":"/lab360/roles/delete?id=4","status":200,"ip":"::1","user_id":2,"duration_ms":20.78}
{"timestamp":"2026-07-31T15:59:53+05:00","method":"POST","uri":"/lab360/roles/destroy","status":302,"ip":"::1","user_id":2,"duration_ms":26.37}
{"timestamp":"2026-07-31T15:59:54+05:00","method":"GET","uri":"/lab360/roles","status":200,"ip":"::1","user_id":2,"duration_ms":20.38}
{"timestamp":"2026-07-31T15:59:58+05:00","method":"GET","uri":"/lab360/permissions","status":200,"ip":"::1","user_id":2,"duration_ms":33.76}
{"timestamp":"2026-07-31T15:59:59+05:00","method":"GET","uri":"/lab360/permissions/create","status":200,"ip":"::1","user_id":2,"duration_ms":29.62}
{"timestamp":"2026-07-31T16:00:02+05:00","method":"POST","uri":"/lab360/permissions/store","status":302,"ip":"::1","user_id":2,"duration_ms":20.16}
{"timestamp":"2026-07-31T16:00:02+05:00","method":"GET","uri":"/lab360/permissions/create","status":200,"ip":"::1","user_id":2,"duration_ms":19.64}
{"timestamp":"2026-07-31T16:00:05+05:00","method":"POST","uri":"/lab360/permissions/store","status":302,"ip":"::1","user_id":2,"duration_ms":12.47}
{"timestamp":"2026-07-31T16:00:05+05:00","method":"GET","uri":"/lab360/permissions/create","status":200,"ip":"::1","user_id":2,"duration_ms":21.64}
{"timestamp":"2026-07-31T16:00:11+05:00","method":"POST","uri":"/lab360/permissions/store","status":302,"ip":"::1","user_id":2,"duration_ms":16.09}
{"timestamp":"2026-07-31T16:00:11+05:00","method":"GET","uri":"/lab360/permissions","status":200,"ip":"::1","user_id":2,"duration_ms":21.29}
{"timestamp":"2026-07-31T16:00:13+05:00","method":"GET","uri":"/lab360/permissions/edit?id=23","status":200,"ip":"::1","user_id":2,"duration_ms":18.3}
{"timestamp":"2026-07-31T16:00:15+05:00","method":"POST","uri":"/lab360/permissions/update","status":302,"ip":"::1","user_id":2,"duration_ms":20.37}
{"timestamp":"2026-07-31T16:00:15+05:00","method":"GET","uri":"/lab360/permissions","status":200,"ip":"::1","user_id":2,"duration_ms":17.87}
{"timestamp":"2026-07-31T16:00:17+05:00","method":"GET","uri":"/lab360/permissions/delete?id=23","status":200,"ip":"::1","user_id":2,"duration_ms":22.46}
{"timestamp":"2026-07-31T16:00:18+05:00","method":"POST","uri":"/lab360/permissions/destroy","status":302,"ip":"::1","user_id":2,"duration_ms":22.59}
{"timestamp":"2026-07-31T16:00:18+05:00","method":"GET","uri":"/lab360/permissions","status":200,"ip":"::1","user_id":2,"duration_ms":19.59}
{"timestamp":"2026-07-31T16:00:22+05:00","method":"GET","uri":"/lab360/permissions?search=logs&per_page=5","status":200,"ip":"::1","user_id":2,"duration_ms":21.92}
{"timestamp":"2026-07-31T16:00:24+05:00","method":"GET","uri":"/lab360/permissions?per_page=5","status":200,"ip":"::1","user_id":2,"duration_ms":22.8}
{"timestamp":"2026-07-31T16:00:25+05:00","method":"GET","uri":"/lab360/permissions?search=&per_page=5&page=2","status":200,"ip":"::1","user_id":2,"duration_ms":18.82}
{"timestamp":"2026-07-31T16:00:26+05:00","method":"GET","uri":"/lab360/permissions?search=&per_page=5&page=3","status":200,"ip":"::1","user_id":2,"duration_ms":18.49}
{"timestamp":"2026-07-31T16:00:27+05:00","method":"GET","uri":"/lab360/permissions?search=&per_page=5&page=1","status":200,"ip":"::1","user_id":2,"duration_ms":19.86}
{"timestamp":"2026-07-31T16:00:29+05:00","method":"GET","uri":"/lab360/permissions?search=&per_page=10","status":200,"ip":"::1","user_id":2,"duration_ms":18.41}
{"timestamp":"2026-07-31T16:00:37+05:00","method":"GET","uri":"/lab360/permissions?search=&per_page=5","status":200,"ip":"::1","user_id":2,"duration_ms":19.6}
{"timestamp":"2026-07-31T16:00:39+05:00","method":"GET","uri":"/lab360/roles","status":200,"ip":"::1","user_id":2,"duration_ms":18.07}
{"timestamp":"2026-07-31T16:00:42+05:00","method":"GET","uri":"/lab360/roles?search=Role&per_page=5","status":200,"ip":"::1","user_id":2,"duration_ms":28.27}
{"timestamp":"2026-07-31T16:00:43+05:00","method":"GET","uri":"/lab360/roles?per_page=5","status":200,"ip":"::1","user_id":2,"duration_ms":29}
{"timestamp":"2026-07-31T16:00:46+05:00","method":"GET","uri":"/lab360/roles/create","status":200,"ip":"::1","user_id":2,"duration_ms":26.76}
{"timestamp":"2026-07-31T16:00:50+05:00","method":"POST","uri":"/lab360/roles/store","status":302,"ip":"::1","user_id":2,"duration_ms":21.37}
{"timestamp":"2026-07-31T16:00:50+05:00","method":"GET","uri":"/lab360/roles","status":200,"ip":"::1","user_id":2,"duration_ms":23.77}
{"timestamp":"2026-07-31T16:00:52+05:00","method":"GET","uri":"/lab360/roles/create","status":200,"ip":"::1","user_id":2,"duration_ms":22.45}
{"timestamp":"2026-07-31T16:00:55+05:00","method":"POST","uri":"/lab360/roles/store","status":302,"ip":"::1","user_id":2,"duration_ms":11.9}
{"timestamp":"2026-07-31T16:00:55+05:00","method":"GET","uri":"/lab360/roles","status":200,"ip":"::1","user_id":2,"duration_ms":20.19}
{"timestamp":"2026-07-31T16:00:56+05:00","method":"GET","uri":"/lab360/roles/create","status":200,"ip":"::1","user_id":2,"duration_ms":31.9}
{"timestamp":"2026-07-31T16:00:59+05:00","method":"POST","uri":"/lab360/roles/store","status":302,"ip":"::1","user_id":2,"duration_ms":24.16}
{"timestamp":"2026-07-31T16:00:59+05:00","method":"GET","uri":"/lab360/roles","status":200,"ip":"::1","user_id":2,"duration_ms":17.16}
{"timestamp":"2026-07-31T16:01:01+05:00","method":"GET","uri":"/lab360/roles?search=&per_page=5","status":200,"ip":"::1","user_id":2,"duration_ms":25.13}
{"timestamp":"2026-07-31T16:01:03+05:00","method":"GET","uri":"/lab360/roles?search=&per_page=5&page=2","status":200,"ip":"::1","user_id":2,"duration_ms":25.72}
{"timestamp":"2026-07-31T16:01:04+05:00","method":"GET","uri":"/lab360/roles?search=&per_page=5&page=1","status":200,"ip":"::1","user_id":2,"duration_ms":20.69}
{"timestamp":"2026-07-31T16:01:06+05:00","method":"GET","uri":"/lab360/roles/delete?id=7","status":200,"ip":"::1","user_id":2,"duration_ms":18.39}
{"timestamp":"2026-07-31T16:01:07+05:00","method":"POST","uri":"/lab360/roles/destroy","status":302,"ip":"::1","user_id":2,"duration_ms":16.37}
{"timestamp":"2026-07-31T16:01:07+05:00","method":"GET","uri":"/lab360/roles","status":200,"ip":"::1","user_id":2,"duration_ms":19.62}
{"timestamp":"2026-07-31T16:01:08+05:00","method":"GET","uri":"/lab360/roles/delete?id=6","status":200,"ip":"::1","user_id":2,"duration_ms":19.66}
{"timestamp":"2026-07-31T16:01:08+05:00","method":"POST","uri":"/lab360/roles/destroy","status":302,"ip":"::1","user_id":2,"duration_ms":15.63}
{"timestamp":"2026-07-31T16:01:08+05:00","method":"GET","uri":"/lab360/roles","status":200,"ip":"::1","user_id":2,"duration_ms":24.88}
{"timestamp":"2026-07-31T16:01:10+05:00","method":"GET","uri":"/lab360/roles/delete?id=5","status":200,"ip":"::1","user_id":2,"duration_ms":32.07}
{"timestamp":"2026-07-31T16:01:10+05:00","method":"POST","uri":"/lab360/roles/destroy","status":302,"ip":"::1","user_id":2,"duration_ms":20.03}
{"timestamp":"2026-07-31T16:01:10+05:00","method":"GET","uri":"/lab360/roles","status":200,"ip":"::1","user_id":2,"duration_ms":20.19}
{"timestamp":"2026-07-31T16:01:14+05:00","method":"GET","uri":"/lab360/roles","status":200,"ip":"::1","user_id":2,"duration_ms":19.92}
{"timestamp":"2026-07-31T16:01:16+05:00","method":"GET","uri":"/lab360/roles?search=Role&per_page=5","status":200,"ip":"::1","user_id":2,"duration_ms":21.4}
{"timestamp":"2026-07-31T16:01:17+05:00","method":"GET","uri":"/lab360/roles?per_page=5","status":200,"ip":"::1","user_id":2,"duration_ms":20.31}
{"timestamp":"2026-07-31T16:01:18+05:00","method":"GET","uri":"/lab360/users","status":200,"ip":"::1","user_id":2,"duration_ms":35.36}
{"timestamp":"2026-07-31T16:01:21+05:00","method":"GET","uri":"/lab360/users?search=One&per_page=5","status":200,"ip":"::1","user_id":2,"duration_ms":25.31}
{"timestamp":"2026-07-31T16:04:09+05:00","method":"GET","uri":"/lab360/users/edit?id=3","status":200,"ip":"::1","user_id":2,"duration_ms":28.25}
{"timestamp":"2026-07-31T16:04:11+05:00","method":"POST","uri":"/lab360/users/update","status":302,"ip":"::1","user_id":2,"duration_ms":26.17}
{"timestamp":"2026-07-31T16:04:11+05:00","method":"GET","uri":"/lab360/users","status":200,"ip":"::1","user_id":2,"duration_ms":23.06}
{"timestamp":"2026-07-31T16:04:14+05:00","method":"GET","uri":"/lab360/users/edit?id=3","status":200,"ip":"::1","user_id":2,"duration_ms":27.87}
{"timestamp":"2026-07-31T16:04:19+05:00","method":"POST","uri":"/lab360/users/update","status":302,"ip":"::1","user_id":2,"duration_ms":27.53}
{"timestamp":"2026-07-31T16:04:19+05:00","method":"GET","uri":"/lab360/users","status":200,"ip":"::1","user_id":2,"duration_ms":21.79}
{"timestamp":"2026-07-31T16:04:21+05:00","method":"GET","uri":"/lab360/users/create","status":200,"ip":"::1","user_id":2,"duration_ms":25.81}
{"timestamp":"2026-07-31T16:04:35+05:00","method":"POST","uri":"/lab360/users/store","status":302,"ip":"::1","user_id":2,"duration_ms":43.38}
{"timestamp":"2026-07-31T16:04:35+05:00","method":"GET","uri":"/lab360/users","status":200,"ip":"::1","user_id":2,"duration_ms":15.7}
{"timestamp":"2026-07-31T16:04:40+05:00","method":"GET","uri":"/lab360/users/edit?id=4","status":200,"ip":"::1","user_id":2,"duration_ms":26.16}
{"timestamp":"2026-07-31T16:04:45+05:00","method":"POST","uri":"/lab360/users/update","status":302,"ip":"::1","user_id":2,"duration_ms":19.47}
{"timestamp":"2026-07-31T16:04:45+05:00","method":"GET","uri":"/lab360/users","status":200,"ip":"::1","user_id":2,"duration_ms":22.83}
{"timestamp":"2026-07-31T16:04:55+05:00","method":"GET","uri":"/lab360/users/delete?id=4","status":200,"ip":"::1","user_id":2,"duration_ms":23.04}
{"timestamp":"2026-07-31T16:04:56+05:00","method":"POST","uri":"/lab360/users/destroy","status":302,"ip":"::1","user_id":2,"duration_ms":16.71}
{"timestamp":"2026-07-31T16:04:56+05:00","method":"GET","uri":"/lab360/users","status":200,"ip":"::1","user_id":2,"duration_ms":17.17}
{"timestamp":"2026-07-31T16:04:59+05:00","method":"GET","uri":"/lab360/users/edit?id=3","status":200,"ip":"::1","user_id":2,"duration_ms":21.29}
{"timestamp":"2026-07-31T16:05:04+05:00","method":"POST","uri":"/lab360/logout","status":302,"ip":"127.0.0.1","user_id":null,"duration_ms":11.72}
{"timestamp":"2026-07-31T16:05:04+05:00","method":"GET","uri":"/lab360/login","status":200,"ip":"127.0.0.1","user_id":null,"duration_ms":9}
{"timestamp":"2026-07-31T16:05:08+05:00","method":"POST","uri":"/lab360/login","status":302,"ip":"127.0.0.1","user_id":null,"duration_ms":28.85}
{"timestamp":"2026-07-31T16:05:08+05:00","method":"GET","uri":"/lab360/login","status":200,"ip":"127.0.0.1","user_id":null,"duration_ms":5.15}
{"timestamp":"2026-07-31T16:05:11+05:00","method":"POST","uri":"/lab360/login","status":302,"ip":"127.0.0.1","user_id":3,"duration_ms":32.02}
{"timestamp":"2026-07-31T16:05:11+05:00","method":"GET","uri":"/lab360/dashboard","status":200,"ip":"127.0.0.1","user_id":3,"duration_ms":14.21}
{"timestamp":"2026-07-31T16:05:13+05:00","method":"POST","uri":"/lab360/logout","status":302,"ip":"127.0.0.1","user_id":null,"duration_ms":14.09}
{"timestamp":"2026-07-31T16:05:13+05:00","method":"GET","uri":"/lab360/login","status":200,"ip":"127.0.0.1","user_id":null,"duration_ms":10.65}
{"timestamp":"2026-07-31T16:05:39+05:00","method":"POST","uri":"/lab360/users/update","status":302,"ip":"::1","user_id":2,"duration_ms":48.27}
{"timestamp":"2026-07-31T16:05:39+05:00","method":"GET","uri":"/lab360/users","status":200,"ip":"::1","user_id":2,"duration_ms":13.23}
{"timestamp":"2026-07-31T16:05:44+05:00","method":"POST","uri":"/lab360/login","status":302,"ip":"127.0.0.1","user_id":null,"duration_ms":30.27}
{"timestamp":"2026-07-31T16:05:45+05:00","method":"GET","uri":"/lab360/login","status":200,"ip":"127.0.0.1","user_id":null,"duration_ms":7.05}
{"timestamp":"2026-07-31T16:06:24+05:00","method":"POST","uri":"/lab360/login","status":302,"ip":"127.0.0.1","user_id":3,"duration_ms":29.09}
{"timestamp":"2026-07-31T16:06:24+05:00","method":"GET","uri":"/lab360/dashboard","status":200,"ip":"127.0.0.1","user_id":3,"duration_ms":15.45}
{"timestamp":"2026-07-31T16:06:54+05:00","method":"GET","uri":"/lab360/profile/password","status":200,"ip":"127.0.0.1","user_id":3,"duration_ms":17.07}
{"timestamp":"2026-07-31T16:07:02+05:00","method":"POST","uri":"/lab360/profile/password","status":302,"ip":"127.0.0.1","user_id":null,"duration_ms":56.05}
{"timestamp":"2026-07-31T16:07:02+05:00","method":"GET","uri":"/lab360/login","status":200,"ip":"127.0.0.1","user_id":null,"duration_ms":4.89}
{"timestamp":"2026-07-31T16:09:04+05:00","method":"POST","uri":"/lab360/login","status":302,"ip":"127.0.0.1","user_id":3,"duration_ms":35.34}
{"timestamp":"2026-07-31T16:09:04+05:00","method":"GET","uri":"/lab360/dashboard","status":200,"ip":"127.0.0.1","user_id":3,"duration_ms":12.73}
{"timestamp":"2026-07-31T16:09:14+05:00","method":"GET","uri":"/lab360/users/edit?id=3","status":200,"ip":"::1","user_id":2,"duration_ms":30.12}
{"timestamp":"2026-07-31T16:09:18+05:00","method":"POST","uri":"/lab360/users/update","status":302,"ip":"::1","user_id":2,"duration_ms":22.43}
{"timestamp":"2026-07-31T16:09:18+05:00","method":"GET","uri":"/lab360/users","status":200,"ip":"::1","user_id":2,"duration_ms":26.64}
{"timestamp":"2026-07-31T16:09:21+05:00","method":"GET","uri":"/lab360/dashboard","status":302,"ip":"127.0.0.1","user_id":null,"duration_ms":10.59}
{"timestamp":"2026-07-31T16:09:21+05:00","method":"GET","uri":"/lab360/login","status":200,"ip":"127.0.0.1","user_id":null,"duration_ms":12.36}
{"timestamp":"2026-07-31T16:09:26+05:00","method":"POST","uri":"/lab360/login","status":302,"ip":"127.0.0.1","user_id":null,"duration_ms":29.34}
{"timestamp":"2026-07-31T16:09:26+05:00","method":"GET","uri":"/lab360/login","status":200,"ip":"127.0.0.1","user_id":null,"duration_ms":5.39}
{"timestamp":"2026-07-31T16:09:30+05:00","method":"POST","uri":"/lab360/login","status":302,"ip":"127.0.0.1","user_id":null,"duration_ms":29.13}
{"timestamp":"2026-07-31T16:09:30+05:00","method":"GET","uri":"/lab360/login","status":200,"ip":"127.0.0.1","user_id":null,"duration_ms":5.02}
{"timestamp":"2026-07-31T16:09:33+05:00","method":"POST","uri":"/lab360/login","status":302,"ip":"127.0.0.1","user_id":null,"duration_ms":31.98}
{"timestamp":"2026-07-31T16:09:33+05:00","method":"GET","uri":"/lab360/login","status":200,"ip":"127.0.0.1","user_id":null,"duration_ms":5.29}
{"timestamp":"2026-07-31T16:09:37+05:00","method":"GET","uri":"/lab360/users/edit?id=3","status":200,"ip":"::1","user_id":2,"duration_ms":33.92}
{"timestamp":"2026-07-31T16:09:39+05:00","method":"POST","uri":"/lab360/users/update","status":302,"ip":"::1","user_id":2,"duration_ms":31}
{"timestamp":"2026-07-31T16:09:39+05:00","method":"GET","uri":"/lab360/users","status":200,"ip":"::1","user_id":2,"duration_ms":21.01}
{"timestamp":"2026-07-31T16:09:41+05:00","method":"POST","uri":"/lab360/login","status":302,"ip":"127.0.0.1","user_id":3,"duration_ms":37.15}
{"timestamp":"2026-07-31T16:09:41+05:00","method":"GET","uri":"/lab360/dashboard","status":200,"ip":"127.0.0.1","user_id":3,"duration_ms":13.51}
{"timestamp":"2026-07-31T16:09:47+05:00","method":"GET","uri":"/lab360/roles","status":200,"ip":"::1","user_id":2,"duration_ms":37.48}
{"timestamp":"2026-07-31T16:09:50+05:00","method":"GET","uri":"/lab360/permissions","status":200,"ip":"::1","user_id":2,"duration_ms":37.69}
{"timestamp":"2026-07-31T16:09:53+05:00","method":"GET","uri":"/lab360/activity-logs","status":200,"ip":"::1","user_id":2,"duration_ms":20.17}
{"timestamp":"2026-07-31T16:09:55+05:00","method":"GET","uri":"/lab360/dashboard","status":200,"ip":"::1","user_id":2,"duration_ms":20.58}
{"timestamp":"2026-07-31T16:09:57+05:00","method":"GET","uri":"/lab360/users","status":200,"ip":"::1","user_id":2,"duration_ms":29.99}
{"timestamp":"2026-07-31T16:09:59+05:00","method":"GET","uri":"/lab360/users/edit?id=3","status":200,"ip":"::1","user_id":2,"duration_ms":23.25}
{"timestamp":"2026-07-31T16:10:04+05:00","method":"POST","uri":"/lab360/users/update","status":302,"ip":"::1","user_id":2,"duration_ms":39.2}
{"timestamp":"2026-07-31T16:10:04+05:00","method":"GET","uri":"/lab360/users","status":200,"ip":"::1","user_id":2,"duration_ms":14.84}
{"timestamp":"2026-07-31T16:10:06+05:00","method":"GET","uri":"/lab360/dashboard","status":302,"ip":"127.0.0.1","user_id":null,"duration_ms":12.23}
{"timestamp":"2026-07-31T16:10:06+05:00","method":"GET","uri":"/lab360/login","status":200,"ip":"127.0.0.1","user_id":null,"duration_ms":9.94}
{"timestamp":"2026-07-31T16:10:10+05:00","method":"POST","uri":"/lab360/login","status":302,"ip":"127.0.0.1","user_id":3,"duration_ms":28.84}
{"timestamp":"2026-07-31T16:10:10+05:00","method":"GET","uri":"/lab360/dashboard","status":200,"ip":"127.0.0.1","user_id":3,"duration_ms":14.28}
{"timestamp":"2026-07-31T16:10:17+05:00","method":"GET","uri":"/lab360/permissions","status":200,"ip":"::1","user_id":2,"duration_ms":34.31}
{"timestamp":"2026-07-31T16:10:19+05:00","method":"GET","uri":"/lab360/permissions","status":200,"ip":"::1","user_id":2,"duration_ms":22.6}
{"timestamp":"2026-07-31T16:10:21+05:00","method":"GET","uri":"/lab360/roles","status":200,"ip":"::1","user_id":2,"duration_ms":31.07}
{"timestamp":"2026-07-31T16:10:22+05:00","method":"GET","uri":"/lab360/roles/permissions?id=3","status":200,"ip":"::1","user_id":2,"duration_ms":23.96}
{"timestamp":"2026-07-31T16:10:28+05:00","method":"POST","uri":"/lab360/roles/permissions","status":302,"ip":"::1","user_id":2,"duration_ms":27.25}
{"timestamp":"2026-07-31T16:10:28+05:00","method":"GET","uri":"/lab360/roles","status":200,"ip":"::1","user_id":2,"duration_ms":23.4}
{"timestamp":"2026-07-31T16:10:29+05:00","method":"GET","uri":"/lab360/dashboard","status":200,"ip":"127.0.0.1","user_id":3,"duration_ms":26.17}
{"timestamp":"2026-07-31T16:10:31+05:00","method":"GET","uri":"/lab360/activity-logs","status":200,"ip":"127.0.0.1","user_id":3,"duration_ms":31.57}
{"timestamp":"2026-07-31T16:10:32+05:00","method":"GET","uri":"/lab360/users","status":200,"ip":"127.0.0.1","user_id":3,"duration_ms":44.8}
{"timestamp":"2026-07-31T16:10:37+05:00","method":"GET","uri":"/lab360/users?search=One&per_page=5","status":200,"ip":"127.0.0.1","user_id":3,"duration_ms":30.3}
{"timestamp":"2026-07-31T16:10:38+05:00","method":"GET","uri":"/lab360/users?per_page=5","status":200,"ip":"127.0.0.1","user_id":3,"duration_ms":20.13}
{"timestamp":"2026-07-31T16:10:43+05:00","method":"GET","uri":"/lab360/users?search=&per_page=25","status":200,"ip":"127.0.0.1","user_id":3,"duration_ms":25.25}
{"timestamp":"2026-07-31T16:10:46+05:00","method":"GET","uri":"/lab360/users?search=&per_page=5","status":200,"ip":"127.0.0.1","user_id":3,"duration_ms":26.72}
{"timestamp":"2026-07-31T16:10:51+05:00","method":"GET","uri":"/lab360/permissions","status":200,"ip":"::1","user_id":2,"duration_ms":36.65}
{"timestamp":"2026-07-31T16:10:56+05:00","method":"GET","uri":"/lab360/permissions?search=logs&per_page=5","status":200,"ip":"::1","user_id":2,"duration_ms":27.18}
{"timestamp":"2026-07-31T16:10:57+05:00","method":"GET","uri":"/lab360/permissions?per_page=5","status":200,"ip":"::1","user_id":2,"duration_ms":19.46}
{"timestamp":"2026-07-31T16:10:58+05:00","method":"GET","uri":"/lab360/permissions?search=&per_page=10","status":200,"ip":"::1","user_id":2,"duration_ms":21.58}
{"timestamp":"2026-07-31T16:20:31+05:00","method":"GET","uri":"/lab360/permissions/edit?id=22","status":200,"ip":"::1","user_id":2,"duration_ms":26.57}
{"timestamp":"2026-07-31T16:20:34+05:00","method":"POST","uri":"/lab360/permissions/update","status":302,"ip":"::1","user_id":2,"duration_ms":22.16}
{"timestamp":"2026-07-31T16:20:34+05:00","method":"GET","uri":"/lab360/permissions","status":200,"ip":"::1","user_id":2,"duration_ms":19.27}
{"timestamp":"2026-07-31T16:20:35+05:00","method":"GET","uri":"/lab360/permissions/edit?id=22","status":200,"ip":"::1","user_id":2,"duration_ms":20.22}
{"timestamp":"2026-07-31T16:20:49+05:00","method":"GET","uri":"/lab360/permissions","status":200,"ip":"::1","user_id":2,"duration_ms":23.26}
{"timestamp":"2026-07-31T16:20:50+05:00","method":"GET","uri":"/lab360/permissions/delete?id=22","status":200,"ip":"::1","user_id":2,"duration_ms":20.89}
{"timestamp":"2026-07-31T16:20:51+05:00","method":"POST","uri":"/lab360/permissions/destroy","status":302,"ip":"::1","user_id":2,"duration_ms":22.93}
{"timestamp":"2026-07-31T16:20:51+05:00","method":"GET","uri":"/lab360/permissions","status":200,"ip":"::1","user_id":2,"duration_ms":26.65}
{"timestamp":"2026-07-31T16:20:53+05:00","method":"GET","uri":"/lab360/permissions/create","status":200,"ip":"::1","user_id":2,"duration_ms":29.62}
{"timestamp":"2026-07-31T16:21:02+05:00","method":"POST","uri":"/lab360/permissions/store","status":302,"ip":"::1","user_id":2,"duration_ms":13.65}
{"timestamp":"2026-07-31T16:21:02+05:00","method":"GET","uri":"/lab360/permissions","status":200,"ip":"::1","user_id":2,"duration_ms":25.06}
{"timestamp":"2026-07-31T16:21:05+05:00","method":"GET","uri":"/lab360/permissions","status":200,"ip":"::1","user_id":2,"duration_ms":19.78}
{"timestamp":"2026-07-31T16:21:06+05:00","method":"GET","uri":"/lab360/dashboard","status":200,"ip":"::1","user_id":2,"duration_ms":30.11}
{"timestamp":"2026-07-31T16:21:15+05:00","method":"GET","uri":"/lab360/permissions","status":200,"ip":"::1","user_id":2,"duration_ms":18.44}
{"timestamp":"2026-07-31T16:21:17+05:00","method":"GET","uri":"/lab360/users","status":200,"ip":"::1","user_id":2,"duration_ms":20.46}
{"timestamp":"2026-07-31T16:21:20+05:00","method":"GET","uri":"/lab360/roles","status":200,"ip":"::1","user_id":2,"duration_ms":32.78}
{"timestamp":"2026-07-31T16:21:20+05:00","method":"GET","uri":"/lab360/roles/permissions?id=3","status":200,"ip":"::1","user_id":2,"duration_ms":22.57}
{"timestamp":"2026-07-31T16:21:27+05:00","method":"POST","uri":"/lab360/roles/permissions","status":302,"ip":"::1","user_id":2,"duration_ms":21.21}
{"timestamp":"2026-07-31T16:21:27+05:00","method":"GET","uri":"/lab360/roles","status":200,"ip":"::1","user_id":2,"duration_ms":21.56}
{"timestamp":"2026-07-31T16:21:28+05:00","method":"GET","uri":"/lab360/users?search=&per_page=5","status":200,"ip":"127.0.0.1","user_id":3,"duration_ms":30.42}
{"timestamp":"2026-07-31T16:21:31+05:00","method":"GET","uri":"/lab360/users/edit?id=3","status":200,"ip":"127.0.0.1","user_id":3,"duration_ms":25.65}
{"timestamp":"2026-07-31T16:21:33+05:00","method":"POST","uri":"/lab360/users/update","status":302,"ip":"127.0.0.1","user_id":3,"duration_ms":19.26}
{"timestamp":"2026-07-31T16:21:33+05:00","method":"GET","uri":"/lab360/users","status":200,"ip":"127.0.0.1","user_id":3,"duration_ms":27.23}
{"timestamp":"2026-07-31T16:21:36+05:00","method":"GET","uri":"/lab360/roles","status":200,"ip":"::1","user_id":2,"duration_ms":24.86}
{"timestamp":"2026-07-31T16:21:39+05:00","method":"GET","uri":"/lab360/users","status":200,"ip":"::1","user_id":2,"duration_ms":28.15}
{"timestamp":"2026-07-31T16:21:42+05:00","method":"GET","uri":"/lab360/roles/permissions?id=3","status":200,"ip":"::1","user_id":2,"duration_ms":29.52}
{"timestamp":"2026-07-31T16:22:31+05:00","method":"GET","uri":"/lab360/users/edit?id=3","status":200,"ip":"127.0.0.1","user_id":3,"duration_ms":24.06}
{"timestamp":"2026-07-31T16:22:34+05:00","method":"POST","uri":"/lab360/users/update","status":302,"ip":"127.0.0.1","user_id":3,"duration_ms":21.63}
{"timestamp":"2026-07-31T16:22:34+05:00","method":"GET","uri":"/lab360/users","status":200,"ip":"127.0.0.1","user_id":3,"duration_ms":28.09}
{"timestamp":"2026-07-31T16:22:36+05:00","method":"GET","uri":"/lab360/users/edit?id=3","status":200,"ip":"127.0.0.1","user_id":3,"duration_ms":22.05}
{"timestamp":"2026-07-31T16:22:39+05:00","method":"POST","uri":"/lab360/users/update","status":302,"ip":"127.0.0.1","user_id":3,"duration_ms":16.45}
{"timestamp":"2026-07-31T16:22:39+05:00","method":"GET","uri":"/lab360/users","status":200,"ip":"127.0.0.1","user_id":3,"duration_ms":32.27}
{"timestamp":"2026-07-31T16:23:00+05:00","method":"POST","uri":"/lab360/roles/permissions","status":302,"ip":"::1","user_id":2,"duration_ms":25.91}
{"timestamp":"2026-07-31T16:23:00+05:00","method":"GET","uri":"/lab360/roles","status":200,"ip":"::1","user_id":2,"duration_ms":21.5}
{"timestamp":"2026-07-31T16:23:02+05:00","method":"GET","uri":"/lab360/users","status":200,"ip":"127.0.0.1","user_id":3,"duration_ms":31.19}
{"timestamp":"2026-07-31T16:23:07+05:00","method":"GET","uri":"/lab360/roles/permissions?id=3","status":200,"ip":"::1","user_id":2,"duration_ms":26.83}
{"timestamp":"2026-07-31T16:23:08+05:00","method":"POST","uri":"/lab360/roles/permissions","status":302,"ip":"::1","user_id":2,"duration_ms":30.35}
{"timestamp":"2026-07-31T16:23:08+05:00","method":"GET","uri":"/lab360/roles","status":200,"ip":"::1","user_id":2,"duration_ms":22.56}
{"timestamp":"2026-07-31T16:23:10+05:00","method":"GET","uri":"/lab360/users","status":200,"ip":"127.0.0.1","user_id":3,"duration_ms":19.87}
{"timestamp":"2026-07-31T16:23:11+05:00","method":"GET","uri":"/lab360/users/create","status":200,"ip":"127.0.0.1","user_id":3,"duration_ms":25.69}
{"timestamp":"2026-07-31T16:23:19+05:00","method":"POST","uri":"/lab360/users/store","status":302,"ip":"127.0.0.1","user_id":3,"duration_ms":16.74}
{"timestamp":"2026-07-31T16:23:20+05:00","method":"GET","uri":"/lab360/users/create","status":200,"ip":"127.0.0.1","user_id":3,"duration_ms":20.86}
{"timestamp":"2026-07-31T16:23:25+05:00","method":"POST","uri":"/lab360/users/store","status":302,"ip":"127.0.0.1","user_id":3,"duration_ms":45.64}
{"timestamp":"2026-07-31T16:23:25+05:00","method":"GET","uri":"/lab360/users","status":200,"ip":"127.0.0.1","user_id":3,"duration_ms":12.7}
{"timestamp":"2026-07-31T16:23:31+05:00","method":"GET","uri":"/lab360/users","status":200,"ip":"::1","user_id":2,"duration_ms":20.09}
{"timestamp":"2026-07-31T16:23:34+05:00","method":"GET","uri":"/lab360/users/edit?id=3","status":200,"ip":"::1","user_id":2,"duration_ms":25.21}
{"timestamp":"2026-07-31T16:23:35+05:00","method":"POST","uri":"/lab360/users/update","status":302,"ip":"::1","user_id":2,"duration_ms":24.87}
{"timestamp":"2026-07-31T16:23:35+05:00","method":"GET","uri":"/lab360/users","status":200,"ip":"::1","user_id":2,"duration_ms":19.15}
{"timestamp":"2026-07-31T16:23:38+05:00","method":"GET","uri":"/lab360/dashboard","status":302,"ip":"127.0.0.1","user_id":null,"duration_ms":14.7}
{"timestamp":"2026-07-31T16:23:38+05:00","method":"GET","uri":"/lab360/login","status":200,"ip":"127.0.0.1","user_id":null,"duration_ms":9.84}
{"timestamp":"2026-07-31T16:23:50+05:00","method":"POST","uri":"/lab360/login","status":302,"ip":"127.0.0.1","user_id":null,"duration_ms":28.44}
{"timestamp":"2026-07-31T16:23:50+05:00","method":"GET","uri":"/lab360/login","status":200,"ip":"127.0.0.1","user_id":null,"duration_ms":7.01}
{"timestamp":"2026-07-31T16:23:55+05:00","method":"POST","uri":"/lab360/login","status":302,"ip":"127.0.0.1","user_id":null,"duration_ms":28.54}
{"timestamp":"2026-07-31T16:23:55+05:00","method":"GET","uri":"/lab360/login","status":200,"ip":"127.0.0.1","user_id":null,"duration_ms":6.41}
{"timestamp":"2026-07-31T16:24:00+05:00","method":"GET","uri":"/lab360/users/edit?id=3","status":200,"ip":"::1","user_id":2,"duration_ms":29.39}
{"timestamp":"2026-07-31T16:24:01+05:00","method":"POST","uri":"/lab360/users/update","status":302,"ip":"::1","user_id":2,"duration_ms":22.09}
{"timestamp":"2026-07-31T16:24:01+05:00","method":"GET","uri":"/lab360/users","status":200,"ip":"::1","user_id":2,"duration_ms":20.85}
{"timestamp":"2026-07-31T16:24:05+05:00","method":"POST","uri":"/lab360/login","status":302,"ip":"127.0.0.1","user_id":3,"duration_ms":28.35}
{"timestamp":"2026-07-31T16:24:05+05:00","method":"GET","uri":"/lab360/dashboard","status":200,"ip":"127.0.0.1","user_id":3,"duration_ms":12.7}
{"timestamp":"2026-07-31T16:24:07+05:00","method":"GET","uri":"/lab360/users","status":200,"ip":"127.0.0.1","user_id":3,"duration_ms":40.06}
{"timestamp":"2026-07-31T16:24:08+05:00","method":"GET","uri":"/lab360/users/delete?id=5","status":200,"ip":"127.0.0.1","user_id":3,"duration_ms":23.94}
{"timestamp":"2026-07-31T16:24:09+05:00","method":"POST","uri":"/lab360/users/destroy","status":302,"ip":"127.0.0.1","user_id":3,"duration_ms":22.24}
{"timestamp":"2026-07-31T16:24:09+05:00","method":"GET","uri":"/lab360/users","status":200,"ip":"127.0.0.1","user_id":3,"duration_ms":27.08}
{"timestamp":"2026-07-31T16:24:26+05:00","method":"GET","uri":"/lab360/users/delete?id=1","status":302,"ip":"127.0.0.1","user_id":3,"duration_ms":17.97}
{"timestamp":"2026-07-31T16:24:26+05:00","method":"GET","uri":"/lab360/users","status":200,"ip":"127.0.0.1","user_id":3,"duration_ms":21.74}
{"timestamp":"2026-07-31T16:24:38+05:00","method":"GET","uri":"/lab360/users","status":200,"ip":"::1","user_id":2,"duration_ms":29.46}
{"timestamp":"2026-07-31T16:24:39+05:00","method":"GET","uri":"/lab360/users/edit?id=3","status":200,"ip":"::1","user_id":2,"duration_ms":19.95}
{"timestamp":"2026-07-31T16:24:41+05:00","method":"GET","uri":"/lab360/users","status":200,"ip":"::1","user_id":2,"duration_ms":30.29}
{"timestamp":"2026-07-31T16:24:43+05:00","method":"GET","uri":"/lab360/roles","status":200,"ip":"::1","user_id":2,"duration_ms":27.91}
{"timestamp":"2026-07-31T16:24:44+05:00","method":"GET","uri":"/lab360/roles/permissions?id=3","status":200,"ip":"::1","user_id":2,"duration_ms":27.2}
{"timestamp":"2026-07-31T16:24:51+05:00","method":"POST","uri":"/lab360/roles/permissions","status":302,"ip":"::1","user_id":2,"duration_ms":22.47}
{"timestamp":"2026-07-31T16:24:51+05:00","method":"GET","uri":"/lab360/roles","status":200,"ip":"::1","user_id":2,"duration_ms":22.32}
{"timestamp":"2026-07-31T16:24:54+05:00","method":"GET","uri":"/lab360/dashboard","status":200,"ip":"127.0.0.1","user_id":3,"duration_ms":22.34}
{"timestamp":"2026-07-31T16:24:55+05:00","method":"GET","uri":"/lab360/dashboard","status":200,"ip":"127.0.0.1","user_id":3,"duration_ms":21.64}
{"timestamp":"2026-07-31T16:24:59+05:00","method":"GET","uri":"/lab360/users","status":200,"ip":"127.0.0.1","user_id":3,"duration_ms":24.51}
{"timestamp":"2026-07-31T16:25:00+05:00","method":"GET","uri":"/lab360/roles","status":200,"ip":"127.0.0.1","user_id":3,"duration_ms":25.55}
{"timestamp":"2026-07-31T16:25:03+05:00","method":"GET","uri":"/lab360/roles/create","status":200,"ip":"127.0.0.1","user_id":3,"duration_ms":23.5}
{"timestamp":"2026-07-31T16:25:04+05:00","method":"POST","uri":"/lab360/roles/store","status":302,"ip":"127.0.0.1","user_id":3,"duration_ms":17.04}
{"timestamp":"2026-07-31T16:25:04+05:00","method":"GET","uri":"/lab360/roles","status":200,"ip":"127.0.0.1","user_id":3,"duration_ms":29.77}
{"timestamp":"2026-07-31T16:25:06+05:00","method":"GET","uri":"/lab360/roles/edit?id=8","status":200,"ip":"127.0.0.1","user_id":3,"duration_ms":16.4}
{"timestamp":"2026-07-31T16:25:10+05:00","method":"POST","uri":"/lab360/roles/update","status":302,"ip":"127.0.0.1","user_id":3,"duration_ms":18.9}
{"timestamp":"2026-07-31T16:25:10+05:00","method":"GET","uri":"/lab360/roles","status":200,"ip":"127.0.0.1","user_id":3,"duration_ms":23.26}
{"timestamp":"2026-07-31T16:25:11+05:00","method":"GET","uri":"/lab360/roles/delete?id=8","status":200,"ip":"127.0.0.1","user_id":3,"duration_ms":19.67}
{"timestamp":"2026-07-31T16:25:12+05:00","method":"POST","uri":"/lab360/roles/destroy","status":302,"ip":"127.0.0.1","user_id":3,"duration_ms":22.64}
{"timestamp":"2026-07-31T16:25:12+05:00","method":"GET","uri":"/lab360/roles","status":200,"ip":"127.0.0.1","user_id":3,"duration_ms":26.88}
{"timestamp":"2026-07-31T16:25:17+05:00","method":"GET","uri":"/lab360/users","status":200,"ip":"::1","user_id":2,"duration_ms":32.13}
{"timestamp":"2026-07-31T16:25:20+05:00","method":"GET","uri":"/lab360/permissions","status":200,"ip":"::1","user_id":2,"duration_ms":33.76}
{"timestamp":"2026-07-31T16:25:22+05:00","method":"GET","uri":"/lab360/roles","status":200,"ip":"::1","user_id":2,"duration_ms":31.03}
{"timestamp":"2026-07-31T16:25:23+05:00","method":"GET","uri":"/lab360/roles/permissions?id=3","status":200,"ip":"::1","user_id":2,"duration_ms":23.85}
{"timestamp":"2026-07-31T16:25:30+05:00","method":"POST","uri":"/lab360/roles/permissions","status":302,"ip":"::1","user_id":2,"duration_ms":32.08}
{"timestamp":"2026-07-31T16:25:30+05:00","method":"GET","uri":"/lab360/roles","status":200,"ip":"::1","user_id":2,"duration_ms":17.32}
{"timestamp":"2026-07-31T16:25:31+05:00","method":"GET","uri":"/lab360/roles","status":200,"ip":"127.0.0.1","user_id":3,"duration_ms":35.58}
{"timestamp":"2026-07-31T16:25:36+05:00","method":"GET","uri":"/lab360/database-backup","status":200,"ip":"127.0.0.1","user_id":3,"duration_ms":25.93}
{"timestamp":"2026-07-31T16:25:37+05:00","method":"GET","uri":"/lab360/database-backup/database","status":200,"ip":"127.0.0.1","user_id":3,"duration_ms":41.96}
{"timestamp":"2026-07-31T16:25:39+05:00","method":"GET","uri":"/lab360/database-backup/full","status":200,"ip":"127.0.0.1","user_id":3,"duration_ms":59.49}
{"timestamp":"2026-07-31T16:25:42+05:00","method":"GET","uri":"/lab360/profile/password","status":200,"ip":"127.0.0.1","user_id":3,"duration_ms":21.01}
{"timestamp":"2026-07-31T16:25:59+05:00","method":"POST","uri":"/lab360/profile/password","status":302,"ip":"127.0.0.1","user_id":null,"duration_ms":59.37}
{"timestamp":"2026-07-31T16:25:59+05:00","method":"GET","uri":"/lab360/login","status":200,"ip":"127.0.0.1","user_id":null,"duration_ms":5.07}
{"timestamp":"2026-07-31T16:26:08+05:00","method":"POST","uri":"/lab360/login","status":302,"ip":"127.0.0.1","user_id":3,"duration_ms":33.49}
{"timestamp":"2026-07-31T16:26:08+05:00","method":"GET","uri":"/lab360/dashboard","status":200,"ip":"127.0.0.1","user_id":3,"duration_ms":12.5}
